time,temperature_2m (°C),rain (mm),apparent_temperature (°C),weather_code (wmo code),cloud_cover (%),relative_humidity_2m (%)
2025-10-01T00:00,10.2,0.00,9.1,3,100,89
2025-10-01T01:00,10.7,0.00,9.6,2,69,87
2025-10-01T02:00,10.4,0.00,9.2,3,98,86
2025-10-01T03:00,10.6,0.00,9.5,3,90,85
2025-10-01T04:00,10.4,0.00,9.3,2,73,85
2025-10-01T05:00,9.1,0.00,7.8,1,23,88
2025-10-01T06:00,8.1,0.00,6.6,0,8,89
2025-10-01T07:00,7.4,0.00,5.9,0,4,92
2025-10-01T08:00,8.9,0.00,7.6,1,20,88
2025-10-01T09:00,10.8,0.00,9.7,1,26,78
2025-10-01T10:00,12.6,0.00,11.3,0,12,71
2025-10-01T11:00,14.1,0.00,11.9,0,1,59
2025-10-01T12:00,15.1,0.00,12.7,0,4,52
2025-10-01T13:00,15.6,0.00,13.2,1,33,50
2025-10-01T14:00,15.8,0.00,13.0,1,47,47
2025-10-01T15:00,15.9,0.00,13.0,1,42,43
2025-10-01T16:00,15.3,0.00,12.5,2,73,47
2025-10-01T17:00,14.2,0.00,11.7,1,34,54
2025-10-01T18:00,11.9,0.00,9.6,0,7,64
2025-10-01T19:00,11.0,0.00,8.5,0,2,67
2025-10-01T20:00,10.1,0.00,7.5,0,1,69
2025-10-01T21:00,9.6,0.00,7.0,0,2,71
2025-10-01T22:00,9.2,0.00,6.5,0,2,72
2025-10-01T23:00,8.8,0.00,6.0,0,0,74
2025-10-02T00:00,8.5,0.00,5.6,0,0,75
2025-10-02T01:00,7.6,0.00,4.6,0,0,76
2025-10-02T02:00,7.2,0.00,4.2,0,0,78
2025-10-02T03:00,6.8,0.00,3.9,0,0,80
2025-10-02T04:00,6.5,0.00,3.7,0,0,82
2025-10-02T05:00,6.1,0.00,3.6,0,0,84
2025-10-02T06:00,5.6,0.00,3.2,0,0,85
2025-10-02T07:00,5.1,0.00,2.9,0,0,89
2025-10-02T08:00,7.2,0.00,4.7,0,0,84
2025-10-02T09:00,9.3,0.00,6.8,0,0,77
2025-10-02T10:00,11.0,0.00,8.7,0,0,72
2025-10-02T11:00,12.4,0.00,10.2,0,0,65
2025-10-02T12:00,13.5,0.00,11.3,0,0,59
2025-10-02T13:00,14.4,0.00,12.2,0,8,54
2025-10-02T14:00,15.1,0.00,12.2,2,55,50
2025-10-02T15:00,15.0,0.00,12.0,3,91,50
2025-10-02T16:00,14.6,0.00,11.9,3,84,53
2025-10-02T17:00,13.7,0.00,11.8,0,13,61
2025-10-02T18:00,12.0,0.00,9.6,0,0,64
2025-10-02T19:00,11.2,0.00,8.5,0,0,66
2025-10-02T20:00,10.3,0.00,7.5,0,0,68
2025-10-02T21:00,9.7,0.00,6.8,0,0,70
2025-10-02T22:00,9.2,0.00,6.3,0,0,72
2025-10-02T23:00,8.5,0.00,5.6,0,0,75
2025-10-03T00:00,7.9,0.00,5.0,0,0,77
2025-10-03T01:00,7.3,0.00,4.1,0,0,78
2025-10-03T02:00,6.7,0.00,3.5,0,16,79
2025-10-03T03:00,6.2,0.00,3.0,1,27,81
2025-10-03T04:00,5.8,0.00,2.6,3,100,82
2025-10-03T05:00,5.5,0.00,2.2,3,100,83
2025-10-03T06:00,5.6,0.00,2.1,3,100,82
2025-10-03T07:00,5.8,0.00,2.3,3,100,83
2025-10-03T08:00,7.0,0.00,3.7,3,100,80
2025-10-03T09:00,8.0,0.00,4.9,3,100,79
2025-10-03T10:00,9.3,0.00,6.3,3,100,73
2025-10-03T11:00,10.9,0.00,7.7,3,100,66
2025-10-03T12:00,11.5,0.00,8.6,3,100,66
2025-10-03T13:00,13.8,0.00,11.1,3,100,60
2025-10-03T14:00,13.7,0.00,11.2,3,100,61
2025-10-03T15:00,13.4,0.00,11.8,3,100,66
2025-10-03T16:00,14.3,0.00,12.4,3,100,60
2025-10-03T17:00,13.3,0.00,12.3,3,100,71
2025-10-03T18:00,12.2,0.00,11.0,3,100,75
2025-10-03T19:00,12.4,0.00,10.3,3,100,72
2025-10-03T20:00,11.7,0.00,9.7,3,100,75
2025-10-03T21:00,11.3,0.00,9.5,3,100,77
2025-10-03T22:00,10.9,0.00,9.1,3,100,78
2025-10-03T23:00,10.6,0.00,8.9,3,100,80
2025-10-04T00:00,10.4,0.00,8.6,3,100,81
2025-10-04T01:00,10.6,0.10,8.6,51,100,83
2025-10-04T02:00,10.7,0.30,8.6,51,100,83
2025-10-04T03:00,10.7,0.30,8.3,51,100,85
2025-10-04T04:00,10.7,0.30,8.3,51,100,85
2025-10-04T05:00,10.7,0.20,8.5,51,100,87
2025-10-04T06:00,11.5,0.00,9.3,3,100,87
2025-10-04T07:00,11.9,0.00,9.9,3,100,89
2025-10-04T08:00,13.5,0.00,11.5,3,100,87
2025-10-04T09:00,15.1,1.50,12.4,61,100,83
2025-10-04T10:00,15.9,0.70,13.5,53,100,82
2025-10-04T11:00,17.1,0.00,14.5,3,100,78
2025-10-04T12:00,17.5,0.70,15.1,53,100,80
2025-10-04T13:00,15.2,3.10,13.0,63,100,93
2025-10-04T14:00,13.9,2.40,12.7,61,100,94
2025-10-04T15:00,13.2,0.90,11.1,53,100,88
2025-10-04T16:00,12.3,0.40,10.2,51,71,88
2025-10-04T17:00,11.8,0.40,8.8,51,66,89
2025-10-04T18:00,11.7,0.60,8.4,53,15,80
2025-10-04T19:00,11.3,0.00,7.1,0,5,70
2025-10-04T20:00,10.9,0.00,7.5,0,15,69
2025-10-04T21:00,10.6,0.10,7.0,51,19,70
2025-10-04T22:00,10.4,0.00,6.3,2,53,73
2025-10-04T23:00,10.1,0.00,5.8,2,74,77
2025-10-05T00:00,9.8,0.00,5.8,2,61,79
2025-10-05T01:00,9.7,0.10,6.0,51,79,82
2025-10-05T02:00,9.6,0.10,5.9,51,99,81
2025-10-05T03:00,9.7,0.00,6.2,3,80,80
2025-10-05T04:00,9.5,0.00,6.2,3,93,81
2025-10-05T05:00,9.5,0.10,6.2,51,100,82
2025-10-05T06:00,9.8,0.20,6.5,51,100,81
2025-10-05T07:00,9.3,0.30,6.2,51,93,90
2025-10-05T08:00,9.9,0.00,6.5,3,91,86
2025-10-05T09:00,10.3,0.10,7.0,51,77,86
2025-10-05T10:00,11.1,0.10,8.1,51,100,84
2025-10-05T11:00,11.5,0.30,8.4,51,48,86
2025-10-05T12:00,13.0,0.10,9.3,51,31,71
2025-10-05T13:00,13.3,0.10,9.8,51,98,67
2025-10-05T14:00,11.8,2.60,9.2,63,88,81
2025-10-05T15:00,12.9,0.00,9.7,1,33,68
2025-10-05T16:00,13.4,0.00,10.0,2,64,61
2025-10-05T17:00,12.6,0.00,9.6,3,95,65
2025-10-05T18:00,11.7,0.00,8.8,3,100,68
2025-10-05T19:00,11.3,0.00,8.7,3,100,76
2025-10-05T20:00,11.1,0.00,8.4,3,91,76
2025-10-05T21:00,10.5,0.00,7.8,2,75,78
2025-10-05T22:00,10.3,0.00,7.7,3,100,78
2025-10-05T23:00,10.7,0.00,8.2,3,100,76
2025-10-06T00:00,10.5,0.00,8.1,3,99,77
2025-10-06T01:00,10.1,0.00,7.7,2,52,81
2025-10-06T02:00,9.4,0.20,7.5,51,95,86
2025-10-06T03:00,8.8,0.20,7.2,51,100,89
2025-10-06T04:00,8.8,0.00,7.1,3,100,90
2025-10-06T05:00,9.4,0.20,7.4,51,100,90
2025-10-06T06:00,9.2,0.30,7.2,51,96,92
2025-10-06T07:00,9.5,0.10,7.9,51,100,93
2025-10-06T08:00,10.0,0.00,8.3,3,100,92
2025-10-06T09:00,10.6,0.00,8.9,3,100,90
2025-10-06T10:00,10.9,0.10,9.1,51,100,90
2025-10-06T11:00,12.1,0.00,10.2,3,100,87
2025-10-06T12:00,12.6,0.10,10.1,51,99,81
2025-10-06T13:00,13.9,0.30,11.1,51,100,73
2025-10-06T14:00,13.9,0.10,11.3,51,100,72
2025-10-06T15:00,13.0,0.30,11.1,51,100,77
2025-10-06T16:00,11.9,1.10,10.9,55,100,93
2025-10-06T17:00,11.7,0.80,10.8,53,100,96
2025-10-06T18:00,11.4,0.50,10.6,53,100,96
2025-10-06T19:00,11.1,0.10,9.8,51,100,96
2025-10-06T20:00,10.9,0.10,10.0,51,100,97
2025-10-06T21:00,10.9,0.40,10.1,51,100,98
2025-10-06T22:00,10.8,0.10,10.0,51,100,98
2025-10-06T23:00,10.7,0.00,9.9,3,100,98
2025-10-07T00:00,10.8,0.00,10.0,3,100,98
2025-10-07T01:00,10.9,0.00,10.2,3,100,98
2025-10-07T02:00,10.9,0.00,10.2,3,100,98
2025-10-07T03:00,10.8,0.00,10.3,3,100,99
2025-10-07T04:00,10.9,0.00,10.6,3,100,99
2025-10-07T05:00,11.0,0.00,10.5,3,100,98
2025-10-07T06:00,11.0,0.00,10.6,3,100,99
2025-10-07T07:00,11.2,0.00,10.6,3,100,99
2025-10-07T08:00,11.6,0.00,10.9,3,100,97
2025-10-07T09:00,12.2,0.00,11.9,3,100,96
2025-10-07T10:00,12.8,0.00,12.6,3,100,94
2025-10-07T11:00,13.8,0.00,13.6,3,100,89
2025-10-07T12:00,14.7,0.00,14.5,3,100,83
2025-10-07T13:00,14.7,0.00,14.7,3,100,83
2025-10-07T14:00,15.0,0.00,14.9,3,100,82
2025-10-07T15:00,15.0,0.00,15.0,3,100,82
2025-10-07T16:00,15.0,0.00,15.2,3,100,82
2025-10-07T17:00,14.9,0.00,15.3,0,14,84
2025-10-07T18:00,13.0,0.00,12.9,1,27,90
2025-10-07T19:00,12.0,0.00,11.8,1,34,94
2025-10-07T20:00,12.3,0.00,12.0,1,37,93
2025-10-07T21:00,11.8,0.00,11.5,3,96,95
2025-10-07T22:00,11.6,0.00,11.2,3,95,95
2025-10-07T23:00,11.0,0.00,10.2,2,76,95
2025-10-08T00:00,10.4,0.00,9.5,3,99,96
2025-10-08T01:00,10.2,0.00,9.4,3,100,95
2025-10-08T02:00,10.1,0.00,9.2,3,100,96
2025-10-08T03:00,9.7,0.00,8.7,3,100,97
2025-10-08T04:00,9.3,0.00,8.1,3,100,98
2025-10-08T05:00,9.3,0.00,8.2,3,100,98
2025-10-08T06:00,8.6,0.00,7.6,3,100,98
2025-10-08T07:00,8.6,0.00,7.6,3,100,98
2025-10-08T08:00,10.4,0.00,9.6,3,100,95
2025-10-08T09:00,12.7,0.00,12.6,3,100,90
2025-10-08T10:00,14.7,0.00,15.0,3,100,83
2025-10-08T11:00,16.0,0.00,16.4,3,97,77
2025-10-08T12:00,17.0,0.00,17.4,3,95,74
2025-10-08T13:00,17.4,0.00,17.6,3,100,69
2025-10-08T14:00,17.9,0.00,17.8,3,96,70
2025-10-08T15:00,17.7,0.00,17.3,3,86,72
2025-10-08T16:00,16.6,0.00,15.9,1,45,76
2025-10-08T17:00,15.5,0.00,15.1,2,62,82
2025-10-08T18:00,14.2,0.00,13.6,2,79,87
2025-10-08T19:00,13.5,0.00,12.7,3,95,91
2025-10-08T20:00,13.6,0.00,13.0,3,95,91
2025-10-08T21:00,13.7,0.00,13.5,3,100,91
2025-10-08T22:00,13.5,0.00,13.5,3,100,92
2025-10-08T23:00,13.0,0.00,12.9,3,92,94
2025-10-09T00:00,13.2,0.00,12.9,3,100,93
2025-10-09T01:00,12.8,0.00,12.3,3,100,96
2025-10-09T02:00,13.0,0.10,12.6,51,100,96
2025-10-09T03:00,12.8,0.00,12.3,3,100,97
2025-10-09T04:00,12.5,0.00,11.9,3,100,97
2025-10-09T05:00,11.9,0.00,11.3,0,13,97
2025-10-09T06:00,11.1,0.00,10.5,0,17,98
2025-10-09T07:00,10.2,0.00,9.8,0,5,100
2025-10-09T08:00,11.3,0.00,10.9,0,12,97
2025-10-09T09:00,13.0,0.00,12.8,3,95,92
2025-10-09T10:00,14.0,0.00,13.5,3,100,86
2025-10-09T11:00,14.3,0.00,13.8,3,100,84
2025-10-09T12:00,14.7,0.00,14.4,3,100,84
2025-10-09T13:00,16.0,0.00,15.7,3,99,76
2025-10-09T14:00,16.5,0.00,16.1,2,60,72
2025-10-09T15:00,16.8,0.00,16.0,2,63,70
2025-10-09T16:00,16.3,0.00,15.5,2,53,73
2025-10-09T17:00,15.4,0.00,14.9,1,20,79
2025-10-09T18:00,13.9,0.00,13.5,1,25,85
2025-10-09T19:00,13.3,0.00,13.0,0,2,89
2025-10-09T20:00,13.0,0.00,12.3,0,0,88
2025-10-09T21:00,11.9,0.00,11.2,0,0,88
2025-10-09T22:00,11.3,0.00,9.8,0,5,88
2025-10-09T23:00,10.7,0.00,9.3,0,0,88
2025-10-10T00:00,9.8,0.00,8.6,1,38,89
2025-10-10T01:00,9.2,0.00,7.8,0,0,89
2025-10-10T02:00,8.8,0.00,7.5,0,0,89
2025-10-10T03:00,8.6,0.00,7.6,0,16,88
2025-10-10T04:00,8.3,0.00,7.1,0,14,88
2025-10-10T05:00,8.0,0.00,6.7,3,88,89
2025-10-10T06:00,8.0,0.00,7.0,0,0,88
2025-10-10T07:00,7.7,0.00,6.7,2,60,91
2025-10-10T08:00,9.4,0.00,8.6,3,94,88
2025-10-10T09:00,11.3,0.00,10.8,3,98,86
2025-10-10T10:00,12.8,0.00,12.3,3,100,83
2025-10-10T11:00,13.7,0.00,13.0,3,100,78
2025-10-10T12:00,14.0,0.00,13.2,3,100,77
2025-10-10T13:00,13.8,0.00,12.8,3,100,76
2025-10-10T14:00,14.0,0.00,13.2,3,100,74
2025-10-10T15:00,14.4,0.00,13.7,3,100,73
2025-10-10T16:00,14.6,0.00,13.9,3,100,72
2025-10-10T17:00,14.1,0.00,13.5,3,87,79
2025-10-10T18:00,12.9,0.00,12.5,1,34,86
2025-10-10T19:00,12.8,0.00,12.5,3,100,88
2025-10-10T20:00,12.2,0.00,11.9,3,96,91
2025-10-10T21:00,11.5,0.00,11.2,1,26,93
2025-10-10T22:00,10.4,0.00,9.9,0,3,95
2025-10-10T23:00,9.6,0.00,8.8,0,3,95
2025-10-11T00:00,9.1,0.00,8.0,0,6,95
2025-10-11T01:00,9.7,0.00,8.9,3,100,95
2025-10-11T02:00,10.3,0.00,9.9,3,95,94
2025-10-11T03:00,10.0,0.00,9.4,3,87,95
2025-10-11T04:00,10.2,0.00,9.7,3,100,94
2025-10-11T05:00,10.6,0.00,10.3,3,100,94
2025-10-11T06:00,10.7,0.00,10.5,3,99,94
2025-10-11T07:00,9.5,0.00,9.1,1,48,94
2025-10-11T08:00,10.3,0.00,9.8,1,34,93
2025-10-11T09:00,12.0,0.00,11.9,0,12,88
2025-10-11T10:00,13.8,0.00,13.9,0,2,82
2025-10-11T11:00,15.4,0.00,15.6,2,63,76
2025-10-11T12:00,16.3,0.00,16.5,2,73,72
2025-10-11T13:00,16.1,0.10,15.9,51,100,75
2025-10-11T14:00,15.7,0.20,15.4,51,100,80
2025-10-11T15:00,15.9,0.10,15.8,51,100,79
2025-10-11T16:00,16.0,0.00,16.3,3,100,79
2025-10-11T17:00,15.5,0.00,16.2,3,97,85
2025-10-11T18:00,14.4,0.00,14.3,3,98,86
2025-10-11T19:00,14.2,0.00,13.7,3,100,87
2025-10-11T20:00,14.2,0.00,13.4,3,100,86
2025-10-11T21:00,13.8,0.00,13.0,3,100,86
2025-10-11T22:00,13.4,0.00,12.8,3,100,88
2025-10-11T23:00,13.1,0.00,12.5,3,100,89
2025-10-12T00:00,12.9,0.00,12.3,3,100,89
2025-10-12T01:00,12.5,0.00,11.7,3,96,91
2025-10-12T02:00,12.6,0.00,11.8,3,98,88
2025-10-12T03:00,12.6,0.00,11.7,3,96,84
2025-10-12T04:00,11.9,0.00,10.6,2,66,86
2025-10-12T05:00,11.0,0.00,9.8,1,44,90
2025-10-12T06:00,10.4,0.00,9.4,1,27,92
2025-10-12T07:00,10.8,0.00,9.8,2,52,93
2025-10-12T08:00,12.1,0.00,11.4,3,100,90
2025-10-12T09:00,13.8,0.00,13.7,3,97,83
2025-10-12T10:00,15.0,0.00,14.6,2,77,75
2025-10-12T11:00,15.7,0.00,14.9,3,100,68
2025-10-12T12:00,16.2,0.00,15.2,1,27,65
2025-10-12T13:00,15.6,0.00,14.5,3,92,66
2025-10-12T14:00,15.8,0.00,14.5,2,52,66
2025-10-12T15:00,15.6,0.00,14.1,2,66,66
2025-10-12T16:00,14.9,0.00,13.1,3,98,68
2025-10-12T17:00,14.0,0.00,12.4,0,0,73
2025-10-12T18:00,12.4,0.00,10.8,0,5,79
2025-10-12T19:00,11.7,0.00,10.3,0,8,82
2025-10-12T20:00,10.9,0.00,9.2,1,21,85
2025-10-12T21:00,10.5,0.00,9.0,0,7,86
2025-10-12T22:00,9.8,0.00,8.6,0,4,88
2025-10-12T23:00,9.0,0.00,7.8,0,4,91
2025-10-13T00:00,8.6,0.00,7.4,3,89,92
2025-10-13T01:00,9.6,0.00,8.5,2,66,90
2025-10-13T02:00,9.9,0.00,9.0,0,14,89
2025-10-13T03:00,9.4,0.00,8.3,2,63,90
2025-10-13T04:00,9.7,0.00,8.5,3,100,90
2025-10-13T05:00,10.6,0.00,9.6,3,100,87
2025-10-13T06:00,10.8,0.00,9.9,3,100,87
2025-10-13T07:00,10.9,0.00,10.2,3,100,88
2025-10-13T08:00,11.5,0.00,10.7,3,100,85
2025-10-13T09:00,12.1,0.00,11.5,3,100,83
2025-10-13T10:00,13.2,0.00,12.6,3,100,78
2025-10-13T11:00,14.2,0.00,13.8,3,100,76
2025-10-13T12:00,15.3,0.00,15.1,3,100,73
2025-10-13T13:00,16.1,0.00,15.2,3,100,67
2025-10-13T14:00,16.1,0.00,15.1,3,100,66
2025-10-13T15:00,16.3,0.00,15.2,3,100,66
2025-10-13T16:00,16.2,0.00,15.2,3,94,67
2025-10-13T17:00,15.4,0.00,15.4,3,100,77
2025-10-13T18:00,14.5,0.00,14.6,3,86,79
2025-10-13T19:00,13.4,0.00,13.2,2,63,85
2025-10-13T20:00,12.7,0.00,12.2,0,7,88
2025-10-13T21:00,12.0,0.00,11.3,1,39,89
2025-10-13T22:00,11.9,0.00,11.4,2,51,90
2025-10-13T23:00,10.9,0.00,10.3,0,14,92
2025-10-14T00:00,10.1,0.00,9.2,0,3,94
2025-10-14T01:00,11.1,0.00,10.2,3,90,93
2025-10-14T02:00,11.3,0.00,10.3,1,38,91
2025-10-14T03:00,10.6,0.00,9.6,0,12,91
2025-10-14T04:00,9.8,0.00,8.8,0,7,93
2025-10-14T05:00,8.9,0.00,7.9,1,25,94
2025-10-14T06:00,8.4,0.00,7.4,1,30,95
2025-10-14T07:00,8.7,0.00,7.7,1,44,98
2025-10-14T08:00,10.2,0.00,9.2,1,48,94
2025-10-14T09:00,12.4,0.00,12.1,1,41,87
2025-10-14T10:00,14.1,0.00,14.3,1,30,81
2025-10-14T11:00,15.4,0.00,15.0,1,49,71
2025-10-14T12:00,16.3,0.00,15.5,3,96,65
2025-10-14T13:00,16.6,0.00,15.7,3,93,61
2025-10-14T14:00,16.8,0.00,15.5,3,88,60
2025-10-14T15:00,16.7,0.00,14.9,2,56,60
2025-10-14T16:00,16.1,0.00,14.2,0,14,62
2025-10-14T17:00,14.5,0.00,12.8,0,5,70
2025-10-14T18:00,12.8,0.00,11.2,0,1,77
2025-10-14T19:00,12.0,0.00,10.4,0,13,80
2025-10-14T20:00,11.5,0.00,9.9,0,15,82
2025-10-14T21:00,11.1,0.00,9.6,0,18,83
2025-10-14T22:00,10.4,0.00,9.2,0,17,85
2025-10-14T23:00,9.6,0.00,8.5,3,92,89
2025-10-15T00:00,10.3,0.00,9.7,3,100,88
2025-10-15T01:00,10.9,0.10,10.3,51,100,85
2025-10-15T02:00,11.4,0.00,11.0,3,100,86
2025-10-15T03:00,11.2,0.00,10.6,3,98,86
2025-10-15T04:00,11.0,0.00,10.2,2,66,87
2025-10-15T05:00,10.2,0.00,9.2,1,27,90
2025-10-15T06:00,8.8,0.00,7.7,0,14,93
2025-10-15T07:00,9.3,0.00,8.1,3,98,94
2025-10-15T08:00,11.1,0.00,10.3,3,90,90
2025-10-15T09:00,12.7,0.00,12.6,1,46,86
2025-10-15T10:00,14.2,0.00,14.0,1,49,79
2025-10-15T11:00,15.2,0.20,14.8,51,93,75
2025-10-15T12:00,15.8,0.00,15.4,2,56,70
2025-10-15T13:00,15.8,0.00,14.9,1,48,66
2025-10-15T14:00,16.5,0.00,15.4,1,42,62
2025-10-15T15:00,16.6,0.00,15.4,3,93,59
2025-10-15T16:00,16.2,0.00,15.2,3,96,63
2025-10-15T17:00,15.2,0.00,14.2,3,91,70
2025-10-15T18:00,13.5,0.00,12.0,1,45,78
2025-10-15T19:00,12.1,0.00,10.7,0,0,85
2025-10-15T20:00,11.4,0.00,9.8,0,1,87
2025-10-15T21:00,10.9,0.00,9.4,0,5,88
2025-10-15T22:00,10.1,0.00,9.0,1,25,89
2025-10-15T23:00,9.3,0.00,8.3,1,47,92
2025-10-16T00:00,8.9,0.00,8.0,3,97,93
2025-10-16T01:00,8.3,0.00,7.0,1,29,93
2025-10-16T02:00,7.9,0.00,6.7,1,32,93
2025-10-16T03:00,7.4,0.00,6.0,1,39,94
2025-10-16T04:00,7.2,0.00,5.7,3,85,94
2025-10-16T05:00,7.3,0.00,5.8,3,90,93
2025-10-16T06:00,7.7,0.00,6.2,3,90,92
2025-10-16T07:00,8.8,0.00,7.8,3,100,92
2025-10-16T08:00,9.8,0.00,9.0,3,100,89
2025-10-16T09:00,10.9,0.00,10.4,3,100,87
2025-10-16T10:00,11.7,0.00,11.2,3,100,84
2025-10-16T11:00,12.7,0.00,12.0,3,100,79
2025-10-16T12:00,13.3,0.10,12.2,51,100,73
2025-10-16T13:00,13.1,0.10,11.8,51,100,75
2025-10-16T14:00,13.6,0.00,12.4,3,100,72
2025-10-16T15:00,13.8,0.00,12.6,3,100,70
2025-10-16T16:00,13.9,0.00,12.8,3,100,69
2025-10-16T17:00,13.5,0.00,12.8,3,99,74
2025-10-16T18:00,12.4,0.00,11.6,1,22,81
2025-10-16T19:00,10.8,0.00,9.7,1,33,86
2025-10-16T20:00,10.3,0.00,8.9,1,39,87
2025-10-16T21:00,9.5,0.00,8.1,0,12,88
2025-10-16T22:00,8.9,0.00,7.5,3,85,90
2025-10-16T23:00,8.7,0.00,7.4,1,40,91
2025-10-17T00:00,8.6,0.00,7.3,2,70,92
2025-10-17T01:00,9.8,0.00,8.8,1,34,89
2025-10-17T02:00,9.3,0.00,8.4,1,34,91
2025-10-17T03:00,8.7,0.00,7.9,2,64,93
2025-10-17T04:00,8.8,0.00,8.0,3,98,93
2025-10-17T05:00,9.3,0.00,8.5,3,100,92
2025-10-17T06:00,9.5,0.10,8.5,51,100,92
2025-10-17T07:00,9.5,0.20,8.4,51,52,94
2025-10-17T08:00,10.6,0.10,9.7,51,98,93
2025-10-17T09:00,11.8,0.00,11.4,1,46,91
2025-10-17T10:00,13.2,0.10,12.8,51,40,83
2025-10-17T11:00,13.9,0.30,13.3,51,63,77
2025-10-17T12:00,14.6,0.00,13.9,2,71,70
2025-10-17T13:00,14.4,0.10,13.4,51,79,70
2025-10-17T14:00,14.7,0.00,13.3,2,74,66
2025-10-17T15:00,14.7,0.00,12.9,1,37,61
2025-10-17T16:00,14.4,0.00,12.7,1,21,65
2025-10-17T17:00,13.0,0.00,11.4,0,16,73
2025-10-17T18:00,11.6,0.00,10.0,1,23,79
2025-10-17T19:00,11.4,0.00,9.8,1,26,79
2025-10-17T20:00,10.8,0.00,9.4,1,27,81
2025-10-17T21:00,10.2,0.00,8.6,3,93,82
2025-10-17T22:00,10.1,0.00,8.4,0,2,83
2025-10-17T23:00,9.6,0.00,7.9,0,3,84
2025-10-18T00:00,9.0,0.00,7.4,1,32,86
2025-10-18T01:00,11.0,0.00,9.7,1,49,87
2025-10-18T02:00,10.7,0.00,9.5,2,59,87
2025-10-18T03:00,10.1,0.00,8.9,1,24,87
2025-10-18T04:00,8.8,0.00,7.4,1,38,88
2025-10-18T05:00,8.7,0.00,7.2,1,33,87
2025-10-18T06:00,9.0,0.00,7.2,3,100,86
2025-10-18T07:00,9.8,0.00,8.3,3,100,86
2025-10-18T08:00,10.6,0.00,9.4,3,96,87
2025-10-18T09:00,11.7,0.00,10.9,3,88,83
2025-10-18T10:00,12.8,0.00,11.7,3,88,77
2025-10-18T11:00,13.8,0.00,12.2,1,32,68
2025-10-18T12:00,14.6,0.00,12.7,2,61,59
2025-10-18T13:00,14.3,0.00,12.1,3,100,58
2025-10-18T14:00,14.3,0.00,12.1,3,100,57
2025-10-18T15:00,14.1,0.00,11.7,2,67,56
2025-10-18T16:00,13.6,0.00,11.4,1,34,60
2025-10-18T17:00,12.2,0.00,10.2,0,14,66
2025-10-18T18:00,10.6,0.00,7.7,2,69,68
2025-10-18T19:00,9.8,0.00,6.4,3,99,69
2025-10-18T20:00,8.9,0.00,5.4,3,100,72
2025-10-18T21:00,8.5,0.00,4.7,3,100,72
2025-10-18T22:00,8.1,0.00,3.9,3,100,71
2025-10-18T23:00,7.7,0.00,3.6,3,100,71
2025-10-19T00:00,7.5,0.00,3.4,3,100,72
2025-10-19T01:00,7.5,0.00,3.5,3,100,73
2025-10-19T02:00,7.2,0.00,3.3,3,100,75
2025-10-19T03:00,7.1,0.00,3.1,3,100,75
2025-10-19T04:00,7.0,0.00,3.0,3,100,75
2025-10-19T05:00,6.9,0.00,2.9,3,100,75
2025-10-19T06:00,6.8,0.00,2.9,3,100,75
2025-10-19T07:00,6.3,0.00,2.4,3,100,80
2025-10-19T08:00,6.7,0.00,3.0,3,100,80
2025-10-19T09:00,7.5,0.00,4.2,3,100,80
2025-10-19T10:00,8.8,0.00,5.8,3,100,77
2025-10-19T11:00,10.3,0.00,7.6,3,100,73
2025-10-19T12:00,12.0,0.00,9.6,3,98,70
2025-10-19T13:00,12.5,0.00,10.5,3,95,70
2025-10-19T14:00,13.9,0.00,12.0,3,97,67
2025-10-19T15:00,14.3,0.00,12.4,3,100,67
2025-10-19T16:00,13.9,0.00,12.1,3,100,71
2025-10-19T17:00,12.8,0.00,11.1,3,100,76
2025-10-19T18:00,11.9,0.00,10.0,3,100,78
2025-10-19T19:00,11.5,0.00,9.2,3,100,78
2025-10-19T20:00,11.7,0.00,9.5,3,100,77
2025-10-19T21:00,11.8,0.00,9.8,3,100,78
2025-10-19T22:00,11.7,0.00,9.8,3,100,80
2025-10-19T23:00,11.7,0.10,9.7,51,100,82
2025-10-20T00:00,11.6,0.00,9.6,3,98,83
2025-10-20T01:00,11.6,0.00,9.5,3,100,83
2025-10-20T02:00,11.1,0.00,9.0,3,100,83
2025-10-20T03:00,10.5,0.00,8.3,3,100,84
2025-10-20T04:00,10.8,0.00,8.7,3,100,83
2025-10-20T05:00,10.9,0.00,8.9,3,100,83
2025-10-20T06:00,11.0,0.00,8.8,3,100,82
2025-10-20T07:00,10.7,0.00,8.7,3,100,86
2025-10-20T08:00,11.5,0.10,9.7,51,100,84
2025-10-20T09:00,11.7,0.80,9.6,53,100,88
2025-10-20T10:00,11.5,0.70,9.8,53,100,94
2025-10-20T11:00,12.2,0.40,10.9,51,100,95
2025-10-20T12:00,12.9,0.50,12.1,53,100,96
2025-10-20T13:00,13.4,0.30,12.8,51,100,95
2025-10-20T14:00,13.8,0.70,13.6,53,100,96
2025-10-20T15:00,14.3,0.10,14.0,51,100,93
2025-10-20T16:00,15.3,0.00,15.1,3,100,90
2025-10-20T17:00,14.3,0.00,14.0,3,100,94
2025-10-20T18:00,13.6,0.00,13.2,3,100,95
2025-10-20T19:00,13.3,0.00,12.6,2,77,96
2025-10-20T20:00,12.8,0.00,11.8,3,92,95
2025-10-20T21:00,12.8,0.00,11.6,2,56,94
2025-10-20T22:00,12.3,0.00,10.9,3,90,92
2025-10-20T23:00,11.7,0.00,10.1,3,91,93
2025-10-21T00:00,11.5,0.00,10.0,3,100,93
2025-10-21T01:00,12.4,0.20,10.7,51,99,92
2025-10-21T02:00,12.3,0.40,10.7,51,88,93
2025-10-21T03:00,12.1,0.40,10.4,51,88,95
2025-10-21T04:00,11.7,2.50,9.7,63,41,96
2025-10-21T05:00,11.7,0.10,9.6,51,55,96
2025-10-21T06:00,11.8,0.10,9.7,51,100,94
2025-10-21T07:00,12.2,0.00,10.4,1,38,95
2025-10-21T08:00,12.1,0.50,10.3,53,27,95
2025-10-21T09:00,13.1,0.00,11.1,0,16,91
2025-10-21T10:00,14.3,0.00,12.4,3,97,82
2025-10-21T11:00,15.3,0.00,12.9,3,100,74
2025-10-21T12:00,15.9,0.00,13.0,3,99,70
2025-10-21T13:00,15.1,0.30,12.3,51,74,72
2025-10-21T14:00,15.5,0.10,13.8,51,53,74
2025-10-21T15:00,15.5,0.00,14.1,3,89,76
2025-10-21T16:00,14.8,0.10,13.8,51,99,84
2025-10-21T17:00,13.7,0.10,12.4,51,95,91
2025-10-21T18:00,13.3,0.00,12.7,3,84,93
2025-10-21T19:00,12.8,0.00,12.2,3,98,94
2025-10-21T20:00,12.5,0.30,11.7,51,100,94
2025-10-21T21:00,13.0,0.00,12.0,3,100,92
2025-10-21T22:00,13.0,0.00,12.0,3,100,91
2025-10-21T23:00,12.8,0.00,12.0,3,100,92
2025-10-22T00:00,12.5,0.70,11.6,53,100,96
2025-10-22T01:00,12.7,1.80,11.9,61,100,95
2025-10-22T02:00,12.6,0.00,12.0,3,100,96
2025-10-22T03:00,12.5,0.00,11.8,3,100,97
2025-10-22T04:00,12.2,0.30,11.5,51,100,98
2025-10-22T05:00,12.4,0.20,11.9,51,100,99
2025-10-22T06:00,12.3,0.20,12.0,51,100,99
2025-10-22T07:00,12.5,0.20,12.6,51,100,99
2025-10-22T08:00,12.8,0.00,12.8,3,100,98
2025-10-22T09:00,13.4,0.00,13.2,3,80,96
2025-10-22T10:00,14.7,0.00,14.6,3,88,91
2025-10-22T11:00,15.4,0.00,15.4,3,99,89
2025-10-22T12:00,15.4,0.00,14.5,3,100,82
2025-10-22T13:00,14.6,0.10,14.2,51,100,89
2025-10-22T14:00,14.7,0.20,14.5,51,100,89
2025-10-22T15:00,14.9,0.10,15.3,51,100,90
2025-10-22T16:00,14.8,0.50,15.0,53,100,93
2025-10-22T17:00,14.2,0.40,14.0,51,100,95
2025-10-22T18:00,14.0,0.00,13.6,3,100,95
2025-10-22T19:00,13.9,0.10,13.6,51,98,96
2025-10-22T20:00,13.8,0.40,13.5,51,100,97
2025-10-22T21:00,13.5,6.20,13.6,63,100,97
2025-10-22T22:00,14.5,0.50,13.2,53,99,97
2025-10-22T23:00,14.4,0.00,13.6,3,99,98
2025-10-23T00:00,14.3,0.30,13.6,51,99,98
2025-10-23T01:00,14.3,0.00,14.1,3,100,98
2025-10-23T02:00,14.0,0.10,13.6,51,100,98
2025-10-23T03:00,14.1,0.50,13.5,53,100,96
2025-10-23T04:00,14.7,0.80,13.1,53,100,93
2025-10-23T05:00,14.7,0.70,13.0,53,100,90
2025-10-23T06:00,13.9,0.40,12.9,51,100,95
2025-10-23T07:00,14.6,2.10,13.6,61,100,92
2025-10-23T08:00,14.7,2.10,12.2,61,100,96
2025-10-23T09:00,14.5,2.10,13.0,61,100,97
2025-10-23T10:00,14.5,0.40,13.3,51,95,92
2025-10-23T11:00,14.3,0.50,11.8,53,100,89
2025-10-23T12:00,12.8,0.50,10.4,53,99,90
2025-10-23T13:00,14.7,1.70,11.1,61,97,70
2025-10-23T14:00,13.1,0.90,9.7,53,28,74
2025-10-23T15:00,13.2,0.10,8.6,51,27,66
2025-10-23T16:00,13.1,0.00,8.1,2,55,64
2025-10-23T17:00,11.9,0.00,6.8,3,100,67
2025-10-23T18:00,10.9,0.20,6.1,51,100,77
2025-10-23T19:00,11.0,0.30,6.8,51,100,84
2025-10-23T20:00,11.3,0.10,7.1,51,86,81
2025-10-23T21:00,11.2,0.10,7.0,51,100,79
2025-10-23T22:00,10.5,1.60,6.4,61,74,82
2025-10-23T23:00,9.9,1.50,6.1,61,98,82
2025-10-24T00:00,9.4,0.40,5.5,51,99,79
2025-10-24T01:00,8.8,0.30,5.2,51,87,92
2025-10-24T02:00,8.5,2.10,4.2,61,74,89
2025-10-24T03:00,8.3,0.30,3.5,51,92,86
2025-10-24T04:00,7.8,0.60,2.8,53,100,83
2025-10-24T05:00,7.6,0.30,2.9,51,100,84
2025-10-24T06:00,7.5,0.10,3.0,51,100,83
2025-10-24T07:00,7.2,0.20,2.9,51,100,87
2025-10-24T08:00,7.5,0.00,2.9,3,100,80
2025-10-24T09:00,7.9,0.00,3.8,3,100,78
2025-10-24T10:00,8.7,0.00,3.5,1,45,72
2025-10-24T11:00,9.3,0.30,4.3,51,40,69
2025-10-24T12:00,10.1,0.40,4.8,51,45,63
2025-10-24T13:00,10.3,0.00,5.4,2,53,64
2025-10-24T14:00,10.7,0.00,5.7,3,95,59
2025-10-24T15:00,10.8,0.00,6.2,2,52,57
2025-10-24T16:00,10.7,0.00,6.1,1,44,59
2025-10-24T17:00,9.6,0.00,5.4,0,18,66
2025-10-24T18:00,9.4,0.00,5.3,0,5,65
2025-10-24T19:00,9.1,0.00,4.8,1,25,65
2025-10-24T20:00,8.8,0.00,4.6,3,100,65
2025-10-24T21:00,9.0,0.00,4.7,3,100,65
2025-10-24T22:00,8.7,0.00,4.6,3,100,67
2025-10-24T23:00,8.7,0.00,4.7,3,100,70
2025-10-25T00:00,8.5,0.00,4.7,3,100,75
2025-10-25T01:00,8.3,0.00,4.9,3,100,88
2025-10-25T02:00,8.1,0.50,4.9,53,100,91
2025-10-25T03:00,8.2,0.30,4.7,51,97,94
2025-10-25T04:00,8.2,0.00,4.9,2,55,94
2025-10-25T05:00,8.0,0.00,4.9,3,84,93
2025-10-25T06:00,7.9,0.30,4.7,51,100,93
2025-10-25T07:00,7.9,0.20,5.0,51,86,96
2025-10-25T08:00,8.3,0.90,5.1,53,91,93
2025-10-25T09:00,9.1,0.50,6.1,53,83,93
2025-10-25T10:00,10.2,0.10,7.1,51,98,89
2025-10-25T11:00,10.7,0.90,7.8,53,64,87
2025-10-25T12:00,11.9,0.30,8.3,51,61,78
2025-10-25T13:00,12.0,0.10,7.8,51,99,72
2025-10-25T14:00,11.1,0.10,7.3,51,97,78
2025-10-25T15:00,11.4,0.80,8.1,53,92,78
2025-10-25T16:00,11.9,0.00,8.4,2,66,71
2025-10-25T17:00,11.6,0.00,8.1,3,98,70
2025-10-25T18:00,10.9,0.00,7.9,2,62,73
2025-10-25T19:00,10.1,0.00,7.6,2,76,81
2025-10-25T20:00,8.8,3.80,6.9,63,77,92
2025-10-25T21:00,8.8,1.10,6.7,55,90,93
2025-10-25T22:00,8.4,0.30,6.1,51,97,92
2025-10-25T23:00,8.5,0.00,5.9,3,99,92
2025-10-26T00:00,8.4,0.30,5.5,51,97,93
2025-10-26T01:00,7.9,0.30,5.0,51,79,94
2025-10-26T02:00,7.8,0.00,4.8,3,85,94
2025-10-26T03:00,8.2,0.10,5.1,51,98,93
2025-10-26T04:00,7.7,0.30,4.4,51,84,92
2025-10-26T05:00,7.4,0.00,4.1,1,36,89
2025-10-26T06:00,6.6,0.00,3.0,0,4,89
2025-10-26T07:00,5.8,0.00,2.3,1,32,88
2025-10-26T08:00,5.9,0.00,2.1,0,13,86
2025-10-26T09:00,6.9,0.00,2.7,0,17,81
2025-10-26T10:00,8.1,0.20,2.7,51,100,72
2025-10-26T11:00,9.1,0.00,4.2,3,100,67
2025-10-26T12:00,9.1,0.00,4.1,3,100,67
2025-10-26T13:00,9.4,0.00,4.6,3,93,64
2025-10-26T14:00,9.9,0.00,5.3,3,93,59
2025-10-26T15:00,9.9,0.00,4.8,3,100,53
2025-10-26T16:00,9.5,0.00,5.4,3,90,58
2025-10-26T17:00,8.8,0.00,4.8,3,97,62
2025-10-26T18:00,8.3,0.00,4.7,1,47,64
2025-10-26T19:00,7.7,0.00,4.1,1,46,67
2025-10-26T20:00,7.2,0.00,3.3,3,85,69
2025-10-26T21:00,6.9,0.10,3.1,51,100,73
2025-10-26T22:00,7.3,0.00,3.1,3,100,71
2025-10-26T23:00,7.3,0.10,2.8,51,100,73
2025-10-27T00:00,7.0,0.20,2.4,51,100,78
2025-10-27T01:00,6.8,0.30,2.2,51,100,83
2025-10-27T02:00,7.2,0.20,2.9,51,100,83
2025-10-27T03:00,7.3,0.30,2.8,51,100,86
2025-10-27T04:00,6.6,1.00,1.8,55,100,95
2025-10-27T05:00,6.6,1.70,1.8,61,100,94
2025-10-27T06:00,6.8,1.60,1.9,61,100,96
2025-10-27T07:00,6.8,1.00,1.9,55,100,95
2025-10-27T08:00,7.2,1.10,2.6,55,100,96
2025-10-27T09:00,7.7,2.30,3.2,61,100,96
2025-10-27T10:00,8.2,2.40,4.5,61,100,97
2025-10-27T11:00,9.0,0.90,5.3,53,98,94
2025-10-27T12:00,11.1,0.10,8.5,51,37,87
2025-10-27T13:00,11.3,0.20,7.4,51,50,72
2025-10-27T14:00,11.0,1.90,7.3,61,57,77
2025-10-27T15:00,10.5,0.70,7.2,53,54,77
2025-10-27T16:00,11.3,0.00,7.7,1,48,69
2025-10-27T17:00,9.9,0.60,6.0,53,88,72
2025-10-27T18:00,9.6,1.60,5.6,61,56,70
2025-10-27T19:00,9.2,0.10,6.3,51,52,78
2025-10-27T20:00,8.2,0.50,5.4,53,69,87
2025-10-27T21:00,8.2,0.20,5.3,51,55,89
2025-10-27T22:00,7.8,0.40,4.8,51,49,90
2025-10-27T23:00,7.7,0.30,4.4,51,44,89
2025-10-28T00:00,7.5,0.00,4.3,0,17,89
2025-10-28T01:00,8.2,0.00,5.2,2,60,84
2025-10-28T02:00,8.3,0.20,5.0,51,62,85
2025-10-28T03:00,8.4,0.00,5.2,1,46,87
2025-10-28T04:00,7.9,0.00,4.7,2,54,89
2025-10-28T05:00,7.9,0.00,4.8,3,100,90
2025-10-28T06:00,8.9,0.10,5.9,51,100,87
2025-10-28T07:00,9.6,0.50,6.7,53,100,85
2025-10-28T08:00,9.5,0.50,5.9,53,100,89
2025-10-28T09:00,10.1,0.00,6.3,3,100,87
2025-10-28T10:00,10.9,0.00,7.4,3,100,83
2025-10-28T11:00,11.3,0.10,7.7,51,100,83
2025-10-28T12:00,11.4,0.50,7.9,53,100,88
2025-10-28T13:00,12.4,0.00,8.4,3,95,83
2025-10-28T14:00,13.1,0.00,9.9,3,98,79
2025-10-28T15:00,13.4,0.00,10.1,3,100,75
2025-10-28T16:00,13.1,0.00,9.6,3,100,73
2025-10-28T17:00,12.8,0.00,9.3,3,99,74
2025-10-28T18:00,12.8,0.00,9.3,2,55,75
2025-10-28T19:00,12.6,0.00,9.0,3,100,74
2025-10-28T20:00,12.6,0.00,9.1,1,42,76
2025-10-28T21:00,11.9,0.00,9.0,1,42,79
2025-10-28T22:00,11.5,0.00,8.8,1,45,83
2025-10-28T23:00,11.4,0.00,8.8,3,80,85
2025-10-29T00:00,11.4,0.00,9.1,3,95,86
2025-10-29T01:00,11.2,0.00,9.2,2,54,86
2025-10-29T02:00,10.5,0.00,8.6,0,3,90
2025-10-29T03:00,9.7,0.00,7.9,1,30,93
2025-10-29T04:00,9.7,0.00,8.2,3,100,93
2025-10-29T05:00,10.1,0.10,8.8,51,54,92
2025-10-29T06:00,9.4,0.00,8.0,1,46,93
2025-10-29T07:00,9.6,0.00,8.5,3,98,92
2025-10-29T08:00,10.7,0.00,9.6,3,95,90
2025-10-29T09:00,11.6,0.00,10.5,3,93,87
2025-10-29T10:00,12.6,0.00,11.7,1,28,83
2025-10-29T11:00,14.6,0.00,13.8,1,48,76
2025-10-29T12:00,16.1,0.00,14.7,3,100,66
2025-10-29T13:00,15.9,0.00,14.5,3,100,66
2025-10-29T14:00,16.1,0.00,14.9,3,100,67
2025-10-29T15:00,15.6,0.00,14.3,3,100,71
2025-10-29T16:00,14.8,0.00,13.5,3,100,76
2025-10-29T17:00,13.7,0.00,12.1,3,100,78
2025-10-29T18:00,13.4,0.00,11.5,3,100,78
2025-10-29T19:00,13.6,0.00,11.8,3,100,79
2025-10-29T20:00,13.5,0.00,11.9,3,100,77
2025-10-29T21:00,13.2,0.00,11.6,3,100,78
2025-10-29T22:00,12.9,0.20,11.2,51,100,78
2025-10-29T23:00,12.4,0.40,10.6,51,100,80
2025-10-30T00:00,11.7,0.60,9.7,53,100,86
2025-10-30T01:00,11.6,0.30,9.3,51,100,91
2025-10-30T02:00,12.0,0.40,9.5,51,98,93
2025-10-30T03:00,12.2,0.90,9.4,53,100,95
2025-10-30T04:00,12.2,0.90,9.7,53,100,96
2025-10-30T05:00,12.3,0.10,10.2,51,95,95
2025-10-30T06:00,11.7,0.10,9.4,51,79,93
2025-10-30T07:00,10.6,0.10,7.9,51,38,91
2025-10-30T08:00,10.5,0.10,8.0,51,11,91
2025-10-30T09:00,11.3,0.00,8.6,0,0,86
2025-10-30T10:00,11.8,0.00,8.7,0,7,75
2025-10-30T11:00,12.2,0.00,9.2,0,8,68
2025-10-30T12:00,12.8,0.00,10.0,0,1,65
2025-10-30T13:00,13.1,0.00,10.5,0,2,61
2025-10-30T14:00,13.4,0.00,10.6,1,27,59
2025-10-30T15:00,13.4,0.00,10.5,1,46,57
2025-10-30T16:00,12.9,0.00,10.7,0,11,62
2025-10-30T17:00,10.9,0.00,9.2,0,1,72
2025-10-30T18:00,9.8,0.00,8.0,0,17,74
2025-10-30T19:00,9.4,0.00,8.0,3,100,73
2025-10-30T20:00,8.1,0.00,6.4,3,100,78
2025-10-30T21:00,7.9,0.00,5.9,3,100,80
2025-10-30T22:00,6.9,0.00,4.4,3,100,85
2025-10-30T23:00,6.5,0.00,3.7,3,100,86
2025-10-31T00:00,6.5,0.00,3.7,3,100,85
2025-10-31T01:00,6.2,0.00,3.3,3,100,85
2025-10-31T02:00,6.0,0.00,3.0,3,100,84
2025-10-31T03:00,5.9,0.00,2.7,3,100,83
2025-10-31T04:00,6.1,0.00,2.5,3,99,81
2025-10-31T05:00,6.0,0.00,2.5,3,99,81
2025-10-31T06:00,5.3,0.00,2.2,3,100,85
2025-10-31T07:00,4.5,0.00,1.2,3,99,87
2025-10-31T08:00,4.8,0.00,1.6,3,100,86
2025-10-31T09:00,6.7,0.00,3.8,3,100,81
2025-10-31T10:00,8.5,0.00,6.0,3,100,78
2025-10-31T11:00,9.8,0.00,7.7,3,100,77
2025-10-31T12:00,11.0,0.00,9.3,3,100,76
2025-10-31T13:00,11.9,0.00,10.5,3,100,77
2025-10-31T14:00,12.3,0.00,11.0,3,100,77
2025-10-31T15:00,12.8,0.00,11.5,3,100,77
2025-10-31T16:00,12.3,0.00,11.1,3,100,81
2025-10-31T17:00,10.8,0.00,9.2,3,100,87
2025-10-31T18:00,10.3,0.00,8.6,3,100,87
2025-10-31T19:00,9.9,0.00,8.1,3,100,90
2025-10-31T20:00,9.9,0.00,8.1,3,100,89
2025-10-31T21:00,10.7,0.00,8.9,3,98,87
2025-10-31T22:00,11.2,0.00,9.7,3,88,86
2025-10-31T23:00,11.0,0.00,9.6,0,15,87
2025-11-01T00:00,10.3,0.00,8.6,0,3,88
2025-11-01T01:00,9.1,0.00,7.1,0,0,89
2025-11-01T02:00,8.4,0.00,6.2,0,5,92
2025-11-01T03:00,8.4,0.00,6.1,0,6,93
2025-11-01T04:00,8.2,0.00,6.1,1,49,94
2025-11-01T05:00,8.1,0.00,6.0,3,99,95
2025-11-01T06:00,8.4,0.00,6.2,3,98,94
2025-11-01T07:00,8.5,0.00,6.4,3,99,93
2025-11-01T08:00,9.1,0.00,6.9,3,100,90
2025-11-01T09:00,10.5,0.00,8.7,3,100,86
2025-11-01T10:00,12.3,0.00,10.8,3,99,81
2025-11-01T11:00,15.3,0.00,14.7,3,100,75
2025-11-01T12:00,15.7,0.00,15.2,3,100,74
2025-11-01T13:00,16.2,0.00,15.9,3,100,74
2025-11-01T14:00,16.0,0.00,15.3,3,100,73
2025-11-01T15:00,15.5,0.20,14.7,51,100,77
2025-11-01T16:00,15.4,0.00,14.7,3,100,79
2025-11-01T17:00,15.0,0.10,13.8,51,100,81
2025-11-01T18:00,14.0,0.50,12.8,53,100,89
2025-11-01T19:00,13.1,0.80,12.6,53,100,94
2025-11-01T20:00,12.7,0.10,12.3,51,100,97
2025-11-01T21:00,12.6,0.20,12.1,51,100,97
2025-11-01T22:00,12.6,0.10,11.8,51,100,96
2025-11-01T23:00,12.2,0.00,11.2,3,100,96
2025-11-02T00:00,11.9,0.10,11.3,51,100,97
2025-11-02T01:00,11.5,0.70,10.6,53,100,98
2025-11-02T02:00,11.5,0.20,10.7,51,100,98
2025-11-02T03:00,11.4,0.00,10.3,3,100,98
2025-11-02T04:00,11.0,0.00,10.0,3,100,98
2025-11-02T05:00,11.0,0.00,9.9,3,100,98
2025-11-02T06:00,10.6,0.00,9.5,3,100,98
2025-11-02T07:00,10.4,0.10,9.1,51,100,98
2025-11-02T08:00,10.5,0.00,9.1,3,100,97
2025-11-02T09:00,10.9,0.10,9.4,51,100,96
2025-11-02T10:00,11.3,0.00,10.2,3,100,96
2025-11-02T11:00,12.4,0.00,11.2,3,100,92
2025-11-02T12:00,13.3,0.10,12.3,51,100,89
2025-11-02T13:00,13.0,1.20,11.7,55,100,87
2025-11-02T14:00,12.5,0.70,10.7,53,100,84
2025-11-02T15:00,11.3,0.60,9.3,53,100,94
2025-11-02T16:00,10.7,1.10,8.8,55,100,92
2025-11-02T17:00,10.0,0.50,8.1,53,100,98
2025-11-02T18:00,10.3,0.40,8.1,51,100,94
2025-11-02T19:00,10.4,0.40,8.4,51,100,95
2025-11-02T20:00,10.1,0.20,7.8,51,74,95
2025-11-02T21:00,9.2,0.00,6.8,1,23,95
2025-11-02T22:00,8.6,0.20,6.0,51,38,95
2025-11-02T23:00,8.2,0.50,5.5,53,53,94
2025-11-03T00:00,8.1,0.00,5.6,2,66,96
2025-11-03T01:00,7.9,0.00,5.6,0,18,96
2025-11-03T02:00,7.7,0.00,5.5,0,19,98
2025-11-03T03:00,7.3,0.00,5.2,0,17,97
2025-11-03T04:00,6.7,0.00,4.8,0,19,98
2025-11-03T05:00,6.5,0.00,4.2,0,9,98
2025-11-03T06:00,6.2,0.00,3.8,0,9,98
2025-11-03T07:00,6.1,0.00,3.8,0,3,97
2025-11-03T08:00,6.2,0.00,3.8,1,26,97
2025-11-03T09:00,7.6,0.00,4.9,2,50,93
2025-11-03T10:00,8.9,0.00,6.1,2,72,88
2025-11-03T11:00,10.1,0.00,6.8,3,100,82
2025-11-03T12:00,11.3,0.10,8.0,51,100,75
2025-11-03T13:00,11.1,0.00,8.2,3,93,80
2025-11-03T14:00,12.3,0.00,9.1,3,81,69
2025-11-03T15:00,12.3,0.00,9.8,3,98,69
2025-11-03T16:00,12.0,0.00,9.9,1,48,71
2025-11-03T17:00,10.8,0.00,8.9,1,35,76
2025-11-03T18:00,10.2,0.00,8.3,1,23,78
2025-11-03T19:00,10.3,0.00,8.7,0,14,81
2025-11-03T20:00,9.5,0.00,7.7,1,20,84
2025-11-03T21:00,9.1,0.00,7.2,1,27,86
2025-11-03T22:00,8.9,0.00,6.8,3,88,88
2025-11-03T23:00,9.2,0.00,7.0,2,73,86
2025-11-04T00:00,9.2,0.00,7.2,1,49,86
2025-11-04T01:00,9.5,0.10,7.6,51,86,87
2025-11-04T02:00,9.5,0.00,7.8,2,51,87
2025-11-04T03:00,9.0,0.00,7.4,2,75,88
2025-11-04T04:00,8.2,0.00,6.4,0,3,89
2025-11-04T05:00,7.4,0.00,5.5,0,4,91
2025-11-04T06:00,6.8,0.00,4.7,2,66,92
2025-11-04T07:00,6.0,0.00,3.6,2,63,94
2025-11-04T08:00,5.8,0.00,3.3,1,25,94
2025-11-04T09:00,7.6,0.00,5.3,1,44,91
2025-11-04T10:00,9.8,0.00,7.9,3,100,83
2025-11-04T11:00,11.5,0.00,10.0,3,98,76
2025-11-04T12:00,13.1,0.00,11.5,2,72,71
2025-11-04T13:00,14.6,0.00,12.7,3,97,65
2025-11-04T14:00,15.2,0.00,13.5,3,88,64
2025-11-04T15:00,15.1,0.00,13.6,3,98,66
2025-11-04T16:00,13.9,0.00,12.8,3,95,74
2025-11-04T17:00,11.9,0.00,10.4,3,100,79
2025-11-04T18:00,10.9,0.00,9.0,3,85,80
2025-11-04T19:00,10.7,0.00,8.5,3,95,80
2025-11-04T20:00,9.9,0.00,7.7,3,100,81
2025-11-04T21:00,9.1,0.00,6.7,3,84,83
2025-11-04T22:00,8.5,0.00,5.8,3,96,83
2025-11-04T23:00,7.7,0.00,5.1,3,100,85
2025-11-05T00:00,7.1,0.00,4.7,3,82,86
2025-11-05T01:00,5.9,0.00,3.4,0,3,89
2025-11-05T02:00,5.4,0.00,2.7,2,61,90
2025-11-05T03:00,5.2,0.00,2.4,3,100,91
2025-11-05T04:00,4.8,0.00,2.1,3,98,92
2025-11-05T05:00,4.4,0.00,1.9,3,98,92
2025-11-05T06:00,3.8,0.00,1.4,3,98,94
2025-11-05T07:00,3.4,0.00,0.7,3,98,94
2025-11-05T08:00,3.5,0.00,0.8,3,100,93
2025-11-05T09:00,5.9,0.00,3.6,3,100,87
2025-11-05T10:00,8.6,0.00,7.2,3,99,80
2025-11-05T11:00,10.0,0.00,8.6,3,100,78
2025-11-05T12:00,11.6,0.00,10.1,3,100,74
2025-11-05T13:00,13.8,0.00,12.2,3,100,67
2025-11-05T14:00,14.6,0.00,13.4,3,100,65
2025-11-05T15:00,14.7,0.00,13.9,3,100,67
2025-11-05T16:00,13.4,0.00,13.0,3,99,74
2025-11-05T17:00,11.1,0.00,10.0,0,0,80
2025-11-05T18:00,9.7,0.00,8.2,0,0,86
2025-11-05T19:00,9.2,0.00,7.1,0,0,84
2025-11-05T20:00,9.2,0.00,6.9,0,0,83
2025-11-05T21:00,8.5,0.00,6.1,0,0,85
2025-11-05T22:00,7.6,0.00,5.0,0,0,87
2025-11-05T23:00,6.6,0.00,4.3,0,2,89
2025-11-06T00:00,5.8,0.00,3.4,0,2,90
2025-11-06T01:00,5.0,0.00,2.4,0,0,93
2025-11-06T02:00,3.7,0.00,1.2,0,0,95
2025-11-06T03:00,3.2,0.00,0.8,0,0,96
2025-11-06T04:00,2.8,0.00,0.3,0,0,96
2025-11-06T05:00,2.4,0.00,0.2,1,32,97
2025-11-06T06:00,2.4,0.00,0.4,3,90,97
2025-11-06T07:00,2.3,0.00,0.2,2,78,96
2025-11-06T08:00,2.1,0.00,-0.3,2,53,96
2025-11-06T09:00,4.4,0.00,2.3,1,20,91
2025-11-06T10:00,6.2,0.00,4.4,0,2,87
2025-11-06T11:00,7.7,0.00,6.0,0,7,84
2025-11-06T12:00,8.9,0.00,7.4,0,9,80
2025-11-06T13:00,10.2,0.00,8.7,3,93,80
2025-11-06T14:00,10.8,0.00,9.4,3,80,79
2025-11-06T15:00,10.9,0.00,9.5,2,75,79
2025-11-06T16:00,10.1,0.00,8.8,3,84,84
2025-11-06T17:00,8.2,0.00,6.5,1,38,89
2025-11-06T18:00,7.2,0.00,5.2,0,0,91
2025-11-06T19:00,5.8,0.00,3.5,0,0,94
2025-11-06T20:00,4.9,0.00,2.5,0,1,94
2025-11-06T21:00,4.2,0.00,1.5,0,5,94
2025-11-06T22:00,3.7,0.00,1.0,0,4,94
2025-11-06T23:00,3.2,0.00,0.8,0,1,96
2025-11-07T00:00,2.8,0.00,0.4,0,1,97
2025-11-07T01:00,2.5,0.00,0.2,1,44,95
2025-11-07T02:00,2.0,0.00,-0.4,3,91,95
2025-11-07T03:00,2.6,0.00,0.3,3,95,96
2025-11-07T04:00,3.0,0.00,0.9,3,100,97
2025-11-07T05:00,3.1,0.00,0.9,3,100,99
2025-11-07T06:00,3.0,0.00,0.6,3,100,98
2025-11-07T07:00,2.7,0.00,0.2,3,100,97
2025-11-07T08:00,2.8,0.00,0.2,3,100,98
2025-11-07T09:00,3.1,0.00,0.5,3,100,97
2025-11-07T10:00,4.1,0.00,1.6,3,100,94
2025-11-07T11:00,5.4,0.00,3.2,3,100,88
2025-11-07T12:00,6.4,0.00,4.3,3,99,84
2025-11-07T13:00,4.9,0.00,2.4,3,94,83
2025-11-07T14:00,5.7,0.00,3.3,2,77,81
2025-11-07T15:00,5.9,0.00,3.6,0,10,81
2025-11-07T16:00,5.7,0.00,3.4,0,0,84
2025-11-07T17:00,3.9,0.00,1.8,0,1,91
2025-11-07T18:00,3.2,0.00,1.1,0,1,92
2025-11-07T19:00,4.0,0.00,1.9,3,98,95
2025-11-07T20:00,3.9,0.00,1.7,1,47,93
2025-11-07T21:00,3.5,0.00,1.3,1,45,94
2025-11-07T22:00,3.6,0.00,1.6,2,69,94
2025-11-07T23:00,4.1,0.00,2.0,3,80,93
2025-11-08T00:00,3.8,0.00,1.6,2,69,94
2025-11-08T01:00,3.0,0.00,1.0,3,100,96
2025-11-08T02:00,3.5,0.00,1.6,3,100,95
2025-11-08T03:00,3.7,0.00,1.8,3,100,95
2025-11-08T04:00,3.8,0.00,1.7,3,100,97
2025-11-08T05:00,3.8,0.00,1.6,3,100,98
2025-11-08T06:00,3.7,0.00,1.4,3,100,99
2025-11-08T07:00,3.8,0.00,1.5,3,100,99
2025-11-08T08:00,3.7,0.00,1.5,3,100,99
2025-11-08T09:00,3.8,0.00,1.7,3,100,99
2025-11-08T10:00,4.3,0.00,2.2,3,100,96
2025-11-08T11:00,5.1,0.00,3.1,3,100,92
2025-11-08T12:00,5.9,0.00,3.9,3,100,89
2025-11-08T13:00,5.6,0.00,3.5,3,100,87
2025-11-08T14:00,6.0,0.00,4.0,3,100,86
2025-11-08T15:00,6.3,0.00,4.3,3,100,86
2025-11-08T16:00,6.1,0.00,4.2,3,100,87
2025-11-08T17:00,5.4,0.00,3.9,3,100,91
2025-11-08T18:00,5.4,0.00,3.5,3,94,91
2025-11-08T19:00,5.4,0.00,3.6,3,97,94
2025-11-08T20:00,5.3,0.00,3.3,3,96,95
2025-11-08T21:00,5.6,0.00,3.5,3,99,94
2025-11-08T22:00,5.8,0.00,3.5,3,100,94
2025-11-08T23:00,5.8,0.00,3.5,3,100,95
2025-11-09T00:00,5.8,0.10,3.8,51,100,97
2025-11-09T01:00,6.3,0.40,4.3,51,100,98
2025-11-09T02:00,6.3,0.10,4.3,51,100,99
2025-11-09T03:00,6.4,0.40,4.4,51,100,99
2025-11-09T04:00,6.4,0.20,4.6,51,99,99
2025-11-09T05:00,6.5,0.40,4.7,51,100,99
2025-11-09T06:00,6.5,0.50,4.7,53,100,99
2025-11-09T07:00,7.1,0.00,5.2,3,100,99
2025-11-09T08:00,7.2,0.00,5.5,3,100,99
2025-11-09T09:00,7.4,0.50,5.7,53,100,99
2025-11-09T10:00,7.8,0.40,6.1,51,100,99
2025-11-09T11:00,7.8,0.50,6.1,53,100,100
2025-11-09T12:00,8.0,0.50,6.2,53,100,99
2025-11-09T13:00,8.2,0.10,7.2,51,100,99
2025-11-09T14:00,8.7,0.40,7.6,51,100,98
2025-11-09T15:00,8.9,0.30,7.7,51,100,99
2025-11-09T16:00,9.1,0.10,8.1,51,100,99
2025-11-09T17:00,8.8,0.10,7.8,51,100,99
2025-11-09T18:00,8.6,0.10,7.7,51,100,99
2025-11-09T19:00,8.9,0.20,7.5,51,100,90
2025-11-09T20:00,8.8,0.10,7.8,51,100,98
2025-11-09T21:00,8.4,0.00,7.4,3,98,99
2025-11-09T22:00,7.9,0.00,6.8,3,100,99
2025-11-09T23:00,7.7,0.00,6.5,3,95,99
2025-11-10T00:00,7.2,0.00,5.7,3,95,99
2025-11-10T01:00,7.1,0.00,5.6,3,100,100
2025-11-10T02:00,7.2,0.00,5.8,3,100,100
2025-11-10T03:00,6.9,0.00,5.4,3,100,99
2025-11-10T04:00,6.8,0.00,5.3,3,100,100
2025-11-10T05:00,6.7,0.00,5.3,3,100,100
2025-11-10T06:00,6.5,0.00,5.0,3,100,100
2025-11-10T07:00,6.5,0.00,4.9,3,100,100
2025-11-10T08:00,6.5,0.00,4.5,3,100,100
2025-11-10T09:00,6.7,0.00,5.0,3,100,98
2025-11-10T10:00,6.9,0.00,5.4,3,100,98
2025-11-10T11:00,7.4,0.00,5.8,3,100,98
2025-11-10T12:00,8.7,0.00,7.3,3,100,92
2025-11-10T13:00,10.0,0.00,8.9,3,100,89
2025-11-10T14:00,10.1,0.00,9.1,3,100,88
2025-11-10T15:00,9.8,0.00,8.6,3,99,91
2025-11-10T16:00,8.9,0.00,7.6,3,99,95
2025-11-10T17:00,7.0,0.00,6.1,3,100,100
2025-11-10T18:00,6.1,0.00,4.6,3,100,100
2025-11-10T19:00,6.2,0.00,4.7,3,100,100
2025-11-10T20:00,6.7,0.00,5.0,3,100,98
2025-11-10T21:00,6.4,0.00,4.6,3,100,99
2025-11-10T22:00,6.3,0.00,4.4,3,100,100
2025-11-10T23:00,6.5,0.00,4.7,3,100,100
2025-11-11T00:00,6.5,0.00,4.4,3,100,100
2025-11-11T01:00,6.2,0.00,3.9,3,100,100
2025-11-11T02:00,6.8,0.00,4.6,3,100,97
2025-11-11T03:00,7.6,0.00,5.4,3,98,94
2025-11-11T04:00,7.8,0.00,5.4,3,98,94
2025-11-11T05:00,7.5,0.00,5.1,3,98,95
2025-11-11T06:00,7.4,0.00,5.3,3,100,95
2025-11-11T07:00,7.1,0.10,5.4,51,100,96
2025-11-11T08:00,8.0,0.10,6.1,51,100,95
2025-11-11T09:00,8.3,0.00,6.3,3,97,94
2025-11-11T10:00,9.7,0.00,8.0,3,97,91
2025-11-11T11:00,11.0,0.00,9.6,3,100,87
2025-11-11T12:00,12.0,0.00,9.8,3,98,78
2025-11-11T13:00,12.7,0.00,10.6,3,98,73
2025-11-11T14:00,13.3,0.00,11.5,3,100,70
2025-11-11T15:00,13.4,0.00,11.8,3,96,70
2025-11-11T16:00,12.4,0.00,11.0,3,100,76
2025-11-11T17:00,10.4,0.00,8.7,3,90,84
2025-11-11T18:00,9.5,0.00,7.7,0,2,86
2025-11-11T19:00,9.0,0.00,6.9,0,1,87
2025-11-11T20:00,8.4,0.00,6.2,0,3,89
2025-11-11T21:00,8.3,0.00,5.9,0,17,89
2025-11-11T22:00,8.1,0.00,5.4,0,2,90
2025-11-11T23:00,7.8,0.00,5.2,3,80,90
2025-11-12T00:00,7.2,0.00,4.7,2,76,91
2025-11-12T01:00,6.4,0.00,3.5,2,73,92
2025-11-12T02:00,5.9,0.00,3.0,3,95,92
2025-11-12T03:00,5.6,0.00,2.6,3,98,93
2025-11-12T04:00,5.1,0.00,2.3,3,94,95
2025-11-12T05:00,4.8,0.00,2.0,1,49,95
2025-11-12T06:00,4.5,0.00,1.7,2,62,95
2025-11-12T07:00,4.0,0.00,1.2,3,95,95
2025-11-12T08:00,3.6,0.00,0.9,3,99,96
2025-11-12T09:00,5.4,0.00,2.7,3,97,91
2025-11-12T10:00,7.6,0.00,5.6,2,65,88
2025-11-12T11:00,9.9,0.00,8.3,3,100,81
2025-11-12T12:00,11.6,0.00,10.4,3,100,75
2025-11-12T13:00,13.1,0.00,11.8,3,99,71
2025-11-12T14:00,13.7,0.00,12.6,3,100,70
2025-11-12T15:00,13.5,0.00,12.4,3,100,74
2025-11-12T16:00,11.8,0.00,10.8,3,100,82
2025-11-12T17:00,9.8,0.00,8.4,3,100,87
2025-11-12T18:00,9.2,0.00,7.4,3,100,86
2025-11-12T19:00,8.9,0.00,6.8,3,100,85
2025-11-12T20:00,8.3,0.00,6.0,3,100,86
2025-11-12T21:00,8.5,0.00,6.1,3,100,88
2025-11-12T22:00,8.2,0.00,5.8,3,100,88
2025-11-12T23:00,7.4,0.00,5.0,3,100,89
2025-11-13T00:00,7.2,0.00,4.7,3,98,88
2025-11-13T01:00,6.3,0.00,3.7,3,84,91
2025-11-13T02:00,5.6,0.00,2.9,3,100,90
2025-11-13T03:00,5.7,0.00,3.0,3,84,88
2025-11-13T04:00,5.7,0.00,3.0,3,98,88
2025-11-13T05:00,5.3,0.00,2.8,3,98,88
2025-11-13T06:00,5.1,0.00,3.4,3,92,86
2025-11-13T07:00,4.6,0.00,1.9,3,99,92
2025-11-13T08:00,5.6,0.00,2.6,3,100,85
2025-11-13T09:00,7.6,0.00,4.9,3,100,80
2025-11-13T10:00,9.9,0.00,7.6,3,99,75
2025-11-13T11:00,12.1,0.00,10.1,3,96,71
2025-11-13T12:00,13.9,0.00,11.9,3,93,65
2025-11-13T13:00,15.7,0.00,14.1,3,99,60
2025-11-13T14:00,16.2,0.00,14.8,3,98,61
2025-11-13T15:00,15.8,0.00,14.4,3,99,62
2025-11-13T16:00,14.3,0.00,12.9,3,98,67
2025-11-13T17:00,13.1,0.00,11.6,3,100,68
2025-11-13T18:00,13.4,0.00,11.6,3,98,67
2025-11-13T19:00,12.6,0.00,10.8,3,100,70
2025-11-13T20:00,11.7,0.00,9.9,3,100,72
2025-11-13T21:00,10.7,0.00,8.9,3,98,74
2025-11-13T22:00,10.1,0.00,8.1,3,99,77
2025-11-13T23:00,9.9,0.00,7.7,3,80,80
2025-11-14T00:00,10.1,0.00,7.8,3,100,79
2025-11-14T01:00,8.8,0.00,6.4,3,100,85
2025-11-14T02:00,8.1,0.00,5.7,3,100,87
2025-11-14T03:00,8.5,0.00,5.9,3,100,84
2025-11-14T04:00,9.2,0.00,6.4,3,100,78
2025-11-14T05:00,8.8,0.00,6.4,3,100,77
2025-11-14T06:00,9.0,0.00,6.5,3,99,76
2025-11-14T07:00,7.2,0.00,5.1,3,100,87
2025-11-14T08:00,6.9,0.00,4.4,3,99,86
2025-11-14T09:00,8.5,0.00,6.2,3,100,81
2025-11-14T10:00,11.3,0.00,9.6,3,87,74
2025-11-14T11:00,13.1,0.00,11.6,3,99,68
2025-11-14T12:00,14.5,0.00,13.2,3,100,65
2025-11-14T13:00,15.4,0.00,14.3,3,100,61
2025-11-14T14:00,14.4,0.00,13.6,3,100,71
2025-11-14T15:00,14.8,0.00,14.3,3,100,72
2025-11-14T16:00,12.8,0.00,11.9,3,89,78
2025-11-14T17:00,11.0,0.00,9.7,3,100,83
2025-11-14T18:00,11.3,0.00,9.7,3,100,79
2025-11-14T19:00,11.8,0.00,10.2,3,100,76
2025-11-14T20:00,11.8,0.00,9.6,3,100,73
2025-11-14T21:00,11.5,0.00,10.0,3,97,74
2025-11-14T22:00,11.3,0.00,9.1,3,99,72
2025-11-14T23:00,11.6,0.00,9.6,3,100,71
2025-11-15T00:00,11.1,0.00,9.9,3,100,76
2025-11-15T01:00,10.7,0.00,9.6,3,98,83
2025-11-15T02:00,10.2,0.00,9.2,3,100,84
2025-11-15T03:00,11.1,0.00,9.2,3,100,78
2025-11-15T04:00,11.4,0.10,9.8,51,100,80
2025-11-15T05:00,11.7,0.10,10.2,51,100,79
2025-11-15T06:00,11.6,0.00,10.4,3,100,80
2025-11-15T07:00,13.0,0.00,12.4,3,100,75
2025-11-15T08:00,12.9,0.00,11.9,3,100,78
2025-11-15T09:00,12.9,0.00,12.7,3,100,82
2025-11-15T10:00,12.9,0.00,12.0,3,100,82
2025-11-15T11:00,13.7,0.00,13.4,3,100,82
2025-11-15T12:00,14.8,0.00,14.9,3,100,81
2025-11-15T13:00,14.0,0.00,14.2,3,100,87
2025-11-15T14:00,13.8,0.30,13.2,51,100,88
2025-11-15T15:00,14.0,0.00,13.1,1,39,89
2025-11-15T16:00,13.8,0.00,13.5,1,25,87
2025-11-15T17:00,11.1,0.00,10.5,3,100,91
2025-11-15T18:00,10.4,0.00,9.3,3,100,93
2025-11-15T19:00,11.5,0.00,11.0,3,100,95
2025-11-15T20:00,12.1,0.20,10.9,51,100,92
2025-11-15T21:00,11.2,0.00,10.6,3,100,93
2025-11-15T22:00,11.5,0.00,10.2,3,100,94
2025-11-15T23:00,10.6,0.00,9.3,3,100,96
2025-11-16T00:00,10.5,0.00,9.2,3,99,95
2025-11-16T01:00,9.7,0.00,8.6,3,100,94
2025-11-16T02:00,9.4,0.00,8.1,2,55,95
2025-11-16T03:00,8.4,0.00,6.9,0,0,95
2025-11-16T04:00,8.0,0.00,6.2,0,6,96
2025-11-16T05:00,7.7,0.00,6.0,0,5,96
2025-11-16T06:00,7.3,0.00,5.6,1,33,96
2025-11-16T07:00,7.0,0.00,5.1,3,98,95
2025-11-16T08:00,6.3,0.00,4.3,3,100,97
2025-11-16T09:00,7.8,0.00,5.8,3,100,95
2025-11-16T10:00,9.7,0.00,8.4,3,100,93
2025-11-16T11:00,11.4,0.00,10.5,3,100,87
2025-11-16T12:00,12.5,0.00,12.0,3,100,81
2025-11-16T13:00,12.4,0.00,12.1,3,100,81
2025-11-16T14:00,12.6,0.00,12.1,3,100,81
2025-11-16T15:00,12.1,0.00,11.6,3,100,84
2025-11-16T16:00,11.1,0.00,10.5,3,100,90
2025-11-16T17:00,9.6,0.00,8.8,3,100,94
2025-11-16T18:00,10.1,0.00,9.2,3,100,93
2025-11-16T19:00,10.1,0.00,9.4,3,100,93
2025-11-16T20:00,10.2,0.00,9.3,3,100,92
2025-11-16T21:00,10.0,0.00,8.9,1,28,93
2025-11-16T22:00,9.1,0.00,8.0,2,66,95
2025-11-16T23:00,7.9,0.00,6.8,3,100,98
2025-11-17T00:00,8.9,0.00,7.2,3,100,97
2025-11-17T01:00,9.2,0.00,7.2,3,100,96
2025-11-17T02:00,8.7,0.00,6.4,3,100,92
2025-11-17T03:00,8.2,0.00,5.6,3,100,91
2025-11-17T04:00,7.7,0.00,4.9,3,100,91
2025-11-17T05:00,7.6,0.00,4.7,3,100,91
2025-11-17T06:00,7.3,0.40,4.2,51,100,93
2025-11-17T07:00,5.9,0.90,2.5,53,100,96
2025-11-17T08:00,5.7,0.70,2.6,53,100,96
2025-11-17T09:00,5.4,0.10,2.1,51,98,91
2025-11-17T10:00,5.3,0.00,1.7,3,100,80
2025-11-17T11:00,5.7,0.00,2.0,3,100,75
2025-11-17T12:00,5.9,0.00,2.2,3,100,76
2025-11-17T13:00,6.6,0.10,2.7,51,100,75
2025-11-17T14:00,7.1,0.00,2.8,3,86,69
2025-11-17T15:00,6.3,0.10,3.0,51,41,74
2025-11-17T16:00,5.5,0.60,1.4,53,81,77
2025-11-17T17:00,4.8,0.00,1.0,0,10,80
2025-11-17T18:00,4.0,0.00,0.0,0,0,82
2025-11-17T19:00,3.1,0.00,-0.7,0,2,87
2025-11-17T20:00,3.0,0.00,-0.7,0,8,86
2025-11-17T21:00,2.5,0.00,-1.1,0,3,89
2025-11-17T22:00,2.1,0.00,-1.2,0,0,90
2025-11-17T23:00,1.7,0.00,-1.3,0,0,91
2025-11-18T00:00,0.8,0.00,-1.9,0,0,93
2025-11-18T01:00,0.7,0.00,-1.7,0,0,91
2025-11-18T02:00,0.2,0.00,-2.3,0,0,93
2025-11-18T03:00,0.1,0.00,-2.3,0,13,94
2025-11-18T04:00,0.0,0.00,-2.3,1,41,95
2025-11-18T05:00,-0.5,0.00,-3.0,3,99,95
2025-11-18T06:00,-0.4,0.00,-3.2,3,100,96
2025-11-18T07:00,-0.9,0.00,-4.0,3,99,96
2025-11-18T08:00,-1.1,0.00,-4.4,3,100,97
2025-11-18T09:00,-0.6,0.00,-3.7,3,100,97
2025-11-18T10:00,1.2,0.00,-1.8,3,88,91
2025-11-18T11:00,2.9,0.00,0.0,0,2,85
2025-11-18T12:00,4.3,0.00,1.4,0,0,78
2025-11-18T13:00,4.6,0.00,1.7,1,45,76
2025-11-18T14:00,5.1,0.00,2.3,0,12,72
2025-11-18T15:00,5.0,0.00,2.1,0,4,71
2025-11-18T16:00,4.1,0.00,1.1,0,2,76
2025-11-18T17:00,2.6,0.00,-0.6,0,0,82
2025-11-18T18:00,1.9,0.00,-1.4,0,0,83
2025-11-18T19:00,1.6,0.00,-1.8,0,0,86
2025-11-18T20:00,1.4,0.00,-2.2,0,2,88
2025-11-18T21:00,1.0,0.00,-2.6,0,12,92
2025-11-18T22:00,0.5,0.00,-3.2,0,1,94
2025-11-18T23:00,0.2,0.00,-3.4,0,1,94
2025-11-19T00:00,-0.4,0.00,-3.8,0,11,95
2025-11-19T01:00,-0.4,0.00,-3.9,3,99,95
2025-11-19T02:00,0.3,0.00,-3.4,3,100,94
2025-11-19T03:00,0.9,0.00,-3.0,3,100,91
2025-11-19T04:00,0.8,0.00,-3.1,3,90,89
2025-11-19T05:00,0.6,0.00,-3.2,3,100,89
2025-11-19T06:00,0.8,0.00,-3.0,3,90,88
2025-11-19T07:00,0.8,0.00,-3.0,2,54,87
2025-11-19T08:00,1.0,0.00,-2.8,3,100,82
2025-11-19T09:00,1.5,0.00,-2.2,73,98,78
2025-11-19T10:00,2.4,0.00,-1.0,3,99,73
2025-11-19T11:00,3.1,0.00,-0.6,3,98,74
2025-11-19T12:00,3.6,0.00,-0.1,3,99,75
2025-11-19T13:00,3.9,0.00,0.5,3,100,76
2025-11-19T14:00,4.5,0.00,1.3,3,97,74
2025-11-19T15:00,4.8,0.30,1.7,73,96,75
2025-11-19T16:00,4.9,0.00,1.8,3,100,77
2025-11-19T17:00,4.6,0.10,1.5,51,100,79
2025-11-19T18:00,4.7,0.10,1.4,51,100,79
2025-11-19T19:00,4.2,0.60,0.4,53,100,87
2025-11-19T20:00,3.6,0.80,-0.3,53,100,94
2025-11-19T21:00,3.5,0.40,-0.2,51,100,95
2025-11-19T22:00,3.8,0.10,0.1,51,100,92
2025-11-19T23:00,3.9,0.00,0.1,3,100,93
2025-11-20T00:00,3.9,0.10,0.2,51,100,92
2025-11-20T01:00,2.9,0.10,-1.0,51,100,95
2025-11-20T02:00,3.3,0.00,-0.5,3,95,93
2025-11-20T03:00,3.2,0.30,-0.9,51,59,93
2025-11-20T04:00,3.0,0.30,-1.2,51,84,94
2025-11-20T05:00,2.9,0.10,-1.2,51,100,95
2025-11-20T06:00,2.9,0.30,-1.5,51,100,96
2025-11-20T07:00,2.5,0.20,-1.9,51,100,95
2025-11-20T08:00,2.5,0.20,-1.8,51,97,93
2025-11-20T09:00,2.7,0.00,-1.1,2,78,91
2025-11-20T10:00,3.6,0.10,-0.0,51,83,84
2025-11-20T11:00,4.1,0.00,0.4,3,88,77
2025-11-20T12:00,4.3,0.10,0.8,51,14,73
2025-11-20T13:00,4.7,0.00,1.1,1,38,67
2025-11-20T14:00,4.7,0.00,1.0,2,69,64
2025-11-20T15:00,4.7,0.00,1.2,3,80,62
2025-11-20T16:00,4.4,0.00,1.7,1,29,68
2025-11-20T17:00,2.6,0.00,0.0,1,49,71
2025-11-20T18:00,1.7,0.00,-1.5,2,67,79
2025-11-20T19:00,1.4,0.00,-1.9,1,39,88
2025-11-20T20:00,0.5,0.00,-2.3,1,41,94
2025-11-20T21:00,-0.9,0.00,-3.8,1,28,96
2025-11-20T22:00,-1.0,0.00,-3.8,0,10,96
2025-11-20T23:00,-1.6,0.00,-4.6,1,48,97
2025-11-21T00:00,-2.2,0.00,-5.3,2,60,97
2025-11-21T01:00,0.3,0.00,-2.7,2,66,97
2025-11-21T02:00,-0.3,0.00,-3.0,1,46,98
2025-11-21T03:00,-1.1,0.00,-4.1,0,18,97
2025-11-21T04:00,-1.3,0.00,-4.3,1,34,96
2025-11-21T05:00,-1.7,0.00,-4.7,1,35,96
2025-11-21T06:00,-2.2,0.00,-5.1,0,14,95
2025-11-21T07:00,-0.6,0.00,-3.3,3,86,98
2025-11-21T08:00,-1.6,0.00,-4.5,1,49,98
2025-11-21T09:00,-0.4,0.00,-3.3,1,22,96
2025-11-21T10:00,1.1,0.00,-1.4,0,0,88
2025-11-21T11:00,2.4,0.00,-0.5,0,0,78
2025-11-21T12:00,3.3,0.00,-0.3,1,30,65
2025-11-21T13:00,3.9,0.00,0.1,1,36,56
2025-11-21T14:00,3.9,0.00,-0.2,3,94,52
2025-11-21T15:00,3.5,0.00,-0.7,3,100,55
2025-11-21T16:00,2.4,0.00,-1.5,3,96,63
2025-11-21T17:00,0.6,0.00,-3.5,3,100,74
2025-11-21T18:00,-0.5,0.00,-4.5,2,79,80
2025-11-21T19:00,-1.0,0.00,-5.1,0,2,83
2025-11-21T20:00,-1.5,0.00,-5.2,0,0,82
2025-11-21T21:00,-2.0,0.00,-5.5,0,0,83
2025-11-21T22:00,-2.4,0.00,-5.9,0,0,84
2025-11-21T23:00,-2.7,0.00,-6.2,0,0,84
2025-11-22T00:00,-2.8,0.00,-6.3,0,0,85
2025-11-22T01:00,-3.9,0.00,-7.4,0,0,84
2025-11-22T02:00,-4.0,0.00,-7.3,0,0,85
2025-11-22T03:00,-4.1,0.00,-7.4,0,0,86
2025-11-22T04:00,-4.1,0.00,-7.2,0,0,86
2025-11-22T05:00,-4.3,0.00,-7.5,0,0,87
2025-11-22T06:00,-4.4,0.00,-7.6,0,0,87
2025-11-22T07:00,-5.1,0.00,-8.4,0,0,86
2025-11-22T08:00,-5.4,0.00,-8.7,0,0,87
2025-11-22T09:00,-4.2,0.00,-7.5,0,0,81
2025-11-22T10:00,-2.7,0.00,-6.0,0,0,73
2025-11-22T11:00,-1.2,0.00,-4.6,0,0,65
2025-11-22T12:00,-0.1,0.00,-3.5,0,0,59
2025-11-22T13:00,-0.1,0.00,-3.7,0,6,66
2025-11-22T14:00,0.3,0.00,-3.6,0,9,63
2025-11-22T15:00,0.1,0.00,-3.7,0,0,62
2025-11-22T16:00,-1.2,0.00,-4.6,0,0,69
2025-11-22T17:00,-2.8,0.00,-6.1,0,3,77
2025-11-22T18:00,-3.1,0.00,-6.7,0,13,79
2025-11-22T19:00,-3.5,0.00,-7.5,0,0,86
2025-11-22T20:00,-3.7,0.00,-7.7,0,0,87
2025-11-22T21:00,-4.0,0.00,-7.9,0,1,87
2025-11-22T22:00,-4.3,0.00,-8.2,0,1,87
2025-11-22T23:00,-4.7,0.00,-8.7,0,5,88
2025-11-23T00:00,-4.9,0.00,-9.1,0,0,89
2025-11-23T01:00,-5.5,0.00,-9.8,0,0,90
2025-11-23T02:00,-5.6,0.00,-9.5,0,0,88
2025-11-23T03:00,-5.8,0.00,-9.9,0,0,88
2025-11-23T04:00,-5.9,0.00,-10.2,0,0,87
2025-11-23T05:00,-6.0,0.00,-10.3,0,15,86
2025-11-23T06:00,-6.2,0.00,-10.2,3,84,85
2025-11-23T07:00,-6.5,0.00,-10.9,2,61,90
2025-11-23T08:00,-6.7,0.00,-11.1,1,43,87
2025-11-23T09:00,-5.6,0.00,-10.1,3,100,79
2025-11-23T10:00,-3.7,0.00,-7.9,2,63,69
2025-11-23T11:00,-1.6,0.00,-6.0,2,56,56
2025-11-23T12:00,0.3,0.00,-4.1,2,50,46
2025-11-23T13:00,0.3,0.00,-4.1,3,100,57
2025-11-23T14:00,1.4,0.00,-2.9,3,100,51
2025-11-23T15:00,1.6,0.00,-2.6,3,100,50
2025-11-23T16:00,1.4,0.00,-3.1,3,100,53
2025-11-23T17:00,1.8,0.00,-3.0,3,100,50
2025-11-23T18:00,2.4,0.00,-2.6,3,100,44
2025-11-23T19:00,1.4,0.00,-2.8,73,100,66
2025-11-23T20:00,1.6,0.00,-2.5,71,100,66
2025-11-23T21:00,1.5,0.30,-2.4,51,100,71
2025-11-23T22:00,0.9,0.60,-2.3,71,100,89
2025-11-23T23:00,1.2,1.10,-1.9,73,100,94
2025-11-24T00:00,1.7,1.20,-1.4,55,100,95
2025-11-24T01:00,1.3,0.90,-1.4,53,100,98
2025-11-24T02:00,1.2,0.40,-1.5,51,100,98
2025-11-24T03:00,1.8,0.00,-1.2,3,100,98
2025-11-24T04:00,1.7,0.00,-1.3,3,100,98
2025-11-24T05:00,1.5,0.00,-1.5,3,100,99
2025-11-24T06:00,1.7,0.00,-1.3,3,100,99
2025-11-24T07:00,2.1,0.00,-0.6,3,100,100
2025-11-24T08:00,2.2,0.00,-0.5,3,100,100
2025-11-24T09:00,2.7,0.00,0.1,3,100,99
2025-11-24T10:00,3.3,0.10,0.7,51,100,98
2025-11-24T11:00,3.6,0.20,0.9,51,100,98
2025-11-24T12:00,4.3,0.20,1.5,51,100,98
2025-11-24T13:00,5.3,0.10,2.5,51,77,97
2025-11-24T14:00,6.0,0.00,3.1,2,76,94
2025-11-24T15:00,6.0,0.00,3.3,1,23,93
2025-11-24T16:00,4.6,0.00,2.1,2,71,95
2025-11-24T17:00,2.6,0.00,-0.3,3,100,96
2025-11-24T18:00,2.3,0.10,-0.5,51,100,96
2025-11-24T19:00,3.4,0.10,0.4,51,98,93
2025-11-24T20:00,3.2,0.00,0.7,3,98,95
2025-11-24T21:00,2.8,0.10,0.5,51,100,95
2025-11-24T22:00,2.6,0.10,-0.5,51,99,97
2025-11-24T23:00,3.5,0.10,0.3,51,78,88
2025-11-25T00:00,3.3,0.00,0.1,1,38,91
2025-11-25T01:00,1.3,0.00,-1.7,3,97,99
2025-11-25T02:00,2.5,0.00,-0.5,3,87,99
2025-11-25T03:00,1.8,0.10,-1.1,51,99,98
2025-11-25T04:00,0.9,0.00,-1.9,3,99,99
2025-11-25T05:00,0.1,0.00,-2.7,3,96,99
2025-11-25T06:00,0.1,0.00,-3.0,3,98,99
2025-11-25T07:00,1.4,0.00,-1.9,3,100,99
2025-11-25T08:00,1.7,0.60,-1.6,53,100,100
2025-11-25T09:00,2.4,0.00,-0.7,3,100,99
2025-11-25T10:00,3.3,0.00,0.7,3,100,98
2025-11-25T11:00,4.0,0.40,1.6,51,100,97
2025-11-25T12:00,4.4,0.20,2.4,51,100,96
2025-11-25T13:00,5.3,0.10,3.6,51,100,98
2025-11-25T14:00,5.2,0.40,3.0,51,100,98
2025-11-25T15:00,5.0,0.40,3.1,51,100,98
2025-11-25T16:00,4.7,0.30,3.1,51,100,99
2025-11-25T17:00,4.5,0.00,2.8,3,100,98
2025-11-25T18:00,4.3,0.20,2.3,51,100,99
2025-11-25T19:00,3.5,0.10,1.3,51,98,97
2025-11-25T20:00,3.5,1.00,1.4,55,99,94
2025-11-25T21:00,3.4,0.00,1.1,2,54,93
2025-11-25T22:00,1.7,0.10,-0.8,51,93,98
2025-11-25T23:00,1.6,0.00,-0.9,3,100,99
2025-11-26T00:00,1.5,0.20,-1.2,51,100,99
2025-11-26T01:00,4.0,0.30,1.4,51,74,98
2025-11-26T02:00,3.4,0.00,0.7,1,47,98
2025-11-26T03:00,2.4,0.00,-0.5,2,66,98
2025-11-26T04:00,2.1,0.00,-0.9,1,25,98
2025-11-26T05:00,1.5,0.00,-1.7,1,23,98
2025-11-26T06:00,1.3,0.00,-2.1,3,100,98
2025-11-26T07:00,2.5,0.00,-0.9,3,100,98
2025-11-26T08:00,3.2,0.00,0.3,3,100,97
2025-11-26T09:00,3.6,0.00,0.7,3,100,97
2025-11-26T10:00,3.8,0.00,0.4,3,100,94
2025-11-26T11:00,4.3,0.00,0.8,3,100,88
2025-11-26T12:00,3.8,0.00,0.5,3,100,88
2025-11-26T13:00,4.6,0.00,1.3,3,100,85
2025-11-26T14:00,4.9,0.00,1.5,2,69,80
2025-11-26T15:00,4.7,0.00,1.4,3,83,78
2025-11-26T16:00,4.3,0.00,1.3,1,23,79
2025-11-26T17:00,3.6,0.00,0.8,1,29,83
2025-11-26T18:00,2.9,0.00,0.2,1,29,85
2025-11-26T19:00,1.9,0.00,-0.9,1,45,89
2025-11-26T20:00,1.5,0.00,-1.1,2,66,91
2025-11-26T21:00,1.2,0.00,-1.1,3,100,93
2025-11-26T22:00,1.9,0.00,-0.4,3,100,92
2025-11-26T23:00,2.2,0.00,-0.4,3,100,92
2025-11-27T00:00,2.3,0.00,-0.4,3,94,90
2025-11-27T01:00,3.1,0.00,0.6,3,100,91
2025-11-27T02:00,2.9,0.00,0.2,3,100,91
2025-11-27T03:00,2.6,0.00,-0.0,3,99,92
2025-11-27T04:00,2.5,0.00,-0.1,3,100,91
2025-11-27T05:00,2.2,0.00,-0.7,3,82,90
2025-11-27T06:00,1.5,0.00,-1.6,2,78,86
2025-11-27T07:00,2.4,0.00,-0.5,3,99,92
2025-11-27T08:00,2.6,0.00,-0.4,3,96,90
2025-11-27T09:00,2.8,0.00,-0.5,2,70,88
2025-11-27T10:00,3.6,0.00,0.6,2,59,86
2025-11-27T11:00,4.5,0.00,1.1,3,83,78
2025-11-27T12:00,5.1,0.00,1.0,3,100,67
2025-11-27T13:00,5.3,0.00,1.0,3,100,65
2025-11-27T14:00,5.4,0.00,1.2,3,100,65
2025-11-27T15:00,5.1,0.00,1.1,3,100,67
2025-11-27T16:00,4.7,0.00,1.2,3,100,71
2025-11-27T17:00,3.8,0.00,0.2,3,100,76
2025-11-27T18:00,3.4,0.00,-0.2,3,100,78
2025-11-27T19:00,3.6,0.00,0.1,3,100,80
2025-11-27T20:00,3.7,0.00,0.2,3,100,80
2025-11-27T21:00,3.7,0.10,0.2,51,100,81
2025-11-27T22:00,3.7,0.00,0.3,3,100,83
2025-11-27T23:00,3.8,0.00,0.4,3,100,85
2025-11-28T00:00,3.8,0.00,0.4,3,100,84
2025-11-28T01:00,3.9,0.00,0.6,3,100,84
2025-11-28T02:00,3.8,0.10,0.5,51,100,85
2025-11-28T03:00,3.6,0.10,0.3,51,100,87
2025-11-28T04:00,3.5,0.00,0.2,3,100,87
2025-11-28T05:00,3.5,0.00,0.3,3,100,87
2025-11-28T06:00,3.6,0.00,0.5,3,100,85
2025-11-28T07:00,3.5,0.00,0.2,3,100,88
2025-11-28T08:00,3.6,0.00,0.3,3,100,87
2025-11-28T09:00,3.9,0.00,0.7,3,100,86
2025-11-28T10:00,4.1,0.00,1.1,3,100,86
2025-11-28T11:00,4.6,0.00,1.6,3,100,83
2025-11-28T12:00,5.0,0.00,2.0,3,100,82
2025-11-28T13:00,5.4,0.00,2.2,3,100,78
2025-11-28T14:00,5.7,0.00,2.7,3,100,80
2025-11-28T15:00,5.8,0.00,2.8,3,100,81
2025-11-28T16:00,5.8,0.00,3.0,3,100,83
2025-11-28T17:00,5.7,0.00,2.9,3,100,85
2025-11-28T18:00,6.0,0.00,3.1,3,100,85
2025-11-28T19:00,6.1,0.00,3.4,3,100,89
2025-11-28T20:00,5.7,0.50,3.3,53,100,95
2025-11-28T21:00,5.9,1.80,3.4,61,100,96
2025-11-28T22:00,6.1,0.80,3.7,53,100,97
2025-11-28T23:00,6.2,1.00,3.9,55,100,98
2025-11-29T00:00,6.2,0.50,3.9,53,100,98
2025-11-29T01:00,6.0,0.20,3.6,51,100,99
2025-11-29T02:00,6.1,0.10,3.7,51,100,98
2025-11-29T03:00,6.2,0.20,3.8,51,100,99
2025-11-29T04:00,6.4,0.30,4.1,51,100,98
2025-11-29T05:00,6.4,0.30,4.3,51,100,98
2025-11-29T06:00,6.4,0.20,4.5,51,100,98
2025-11-29T07:00,6.6,0.10,4.7,51,100,99
2025-11-29T08:00,6.7,0.10,4.8,51,100,99
2025-11-29T09:00,7.0,0.30,5.0,51,100,99
2025-11-29T10:00,7.3,0.20,5.3,51,100,99
2025-11-29T11:00,8.0,0.00,5.9,3,99,96
2025-11-29T12:00,8.4,0.00,6.3,3,100,95
2025-11-29T13:00,8.5,0.30,6.6,51,96,95
2025-11-29T14:00,9.5,0.00,7.3,3,91,90
2025-11-29T15:00,9.4,0.00,7.7,3,98,90
2025-11-29T16:00,8.5,0.00,6.8,3,100,94
2025-11-29T17:00,7.3,0.00,5.2,3,100,95
2025-11-29T18:00,6.7,0.00,4.6,3,100,96
2025-11-29T19:00,7.4,0.00,5.3,3,100,97
2025-11-29T20:00,7.9,0.00,5.9,3,100,96
2025-11-29T21:00,7.2,0.00,5.1,3,100,97
2025-11-29T22:00,6.4,0.00,4.3,3,96,97
2025-11-29T23:00,5.3,0.00,3.0,3,98,98
2025-11-30T00:00,4.8,0.00,2.3,3,99,98
2025-11-30T01:00,4.5,0.00,1.8,3,99,99
2025-11-30T02:00,5.0,0.00,2.4,3,100,98
2025-11-30T03:00,4.9,0.00,2.3,3,100,97
2025-11-30T04:00,4.4,0.00,1.8,3,100,97
2025-11-30T05:00,3.9,0.00,1.3,3,100,97
2025-11-30T06:00,3.9,0.00,1.3,3,98,97
2025-11-30T07:00,4.0,0.00,1.3,3,100,98
2025-11-30T08:00,5.1,0.10,2.5,51,100,97
2025-11-30T09:00,5.9,0.20,3.7,51,100,97
2025-11-30T10:00,6.3,0.50,4.1,53,100,97
2025-11-30T11:00,6.8,1.20,4.5,55,100,97
2025-11-30T12:00,7.3,0.70,5.4,53,100,98
2025-11-30T13:00,6.6,0.10,4.8,51,100,98
2025-11-30T14:00,6.9,0.40,5.3,51,100,98
2025-11-30T15:00,7.1,0.20,5.8,51,100,99
2025-11-30T16:00,6.8,0.20,5.6,51,100,100
2025-11-30T17:00,6.7,0.30,4.8,51,100,99
2025-11-30T18:00,6.7,0.10,4.4,51,100,97
2025-11-30T19:00,6.3,0.10,3.5,51,100,95
2025-11-30T20:00,6.0,0.30,3.2,51,100,98
2025-11-30T21:00,6.0,0.10,3.3,51,100,98
2025-11-30T22:00,5.8,0.00,3.0,3,100,94
2025-11-30T23:00,5.5,0.00,2.7,3,100,97
2025-12-01T00:00,4.9,0.00,2.0,3,95,94
2025-12-01T01:00,4.4,0.00,1.9,0,5,95
2025-12-01T02:00,2.0,0.00,-0.6,0,5,97
2025-12-01T03:00,0.9,0.00,-1.7,0,15,98
2025-12-01T04:00,0.3,0.00,-2.5,1,27,99
2025-12-01T05:00,0.5,0.00,-2.6,1,38,100
2025-12-01T06:00,0.3,0.00,-2.9,1,44,99
2025-12-01T07:00,0.4,0.00,-2.9,0,19,96
2025-12-01T08:00,0.0,0.00,-3.0,1,21,96
2025-12-01T09:00,0.7,0.00,-2.4,0,4,95
2025-12-01T10:00,2.3,0.00,-0.6,0,0,93
2025-12-01T11:00,3.7,0.00,1.0,1,25,89
2025-12-01T12:00,4.7,0.00,2.0,1,49,84
2025-12-01T13:00,5.3,0.00,2.3,3,98,77
2025-12-01T14:00,5.5,0.00,2.1,3,84,74
2025-12-01T15:00,5.2,0.00,1.9,3,98,75
2025-12-01T16:00,3.9,0.00,0.9,0,2,83
2025-12-01T17:00,2.7,0.00,-0.7,2,55,87
2025-12-01T18:00,2.3,0.00,-1.3,0,0,87
2025-12-01T19:00,2.3,0.00,-1.4,3,95,88
2025-12-01T20:00,1.9,0.00,-1.8,3,82,88
2025-12-01T21:00,1.5,0.00,-2.1,2,72,89
2025-12-01T22:00,1.3,0.00,-2.3,3,88,91
2025-12-01T23:00,1.2,0.00,-2.5,3,96,92
2025-12-02T00:00,1.2,0.00,-2.5,3,91,93
2025-12-02T01:00,1.2,0.00,-2.4,3,96,93
2025-12-02T02:00,0.9,0.00,-2.8,3,97,93
2025-12-02T03:00,0.8,0.00,-2.7,3,99,94
2025-12-02T04:00,0.4,0.00,-2.9,3,99,94
2025-12-02T05:00,-0.3,0.00,-3.4,3,100,95
2025-12-02T06:00,-0.9,0.00,-4.0,3,100,95
2025-12-02T07:00,-1.1,0.00,-4.1,3,100,96
2025-12-02T08:00,-1.6,0.00,-4.9,3,100,96
2025-12-02T09:00,-0.1,0.00,-4.0,3,99,95
2025-12-02T10:00,1.8,0.00,-1.3,3,99,89
2025-12-02T11:00,3.4,0.00,0.7,3,100,86
2025-12-02T12:00,4.7,0.00,2.4,3,100,81
2025-12-02T13:00,5.5,0.00,2.6,3,100,78
2025-12-02T14:00,5.5,0.00,2.6,3,100,78
2025-12-02T15:00,5.6,0.00,2.7,3,100,77
2025-12-02T16:00,4.2,0.00,1.4,3,100,82
2025-12-02T17:00,3.4,0.00,0.5,3,100,84
2025-12-02T18:00,2.7,0.00,-0.3,3,100,87
2025-12-02T19:00,4.5,0.00,1.2,3,100,84
2025-12-02T20:00,5.4,0.00,2.0,3,98,81
2025-12-02T21:00,4.7,0.00,1.3,3,99,83
2025-12-02T22:00,3.4,0.00,-0.1,3,95,88
2025-12-02T23:00,2.2,0.00,-1.6,3,100,91

time,sunrise (iso8601),sunset (iso8601),daylight_duration (s),temperature_2m_mean (°C),apparent_temperature_mean (°C)
2025-10-01,2025-10-01T06:25,2025-10-01T18:04,41923.64,11.5,9.5
2025-10-02,2025-10-02T06:27,2025-10-02T18:02,41704.45,10.0,7.4
2025-10-03,2025-10-03T06:28,2025-10-03T18:00,41485.25,9.8,7.2
2025-10-04,2025-10-04T06:30,2025-10-04T17:57,41266.18,12.4,9.8
2025-10-05,2025-10-05T06:31,2025-10-05T17:55,41047.37,10.9,7.7
2025-10-06,2025-10-06T06:33,2025-10-06T17:53,40828.96,10.9,9.3
2025-10-07,2025-10-07T06:34,2025-10-07T17:51,40611.09,12.4,12.1
2025-10-08,2025-10-08T06:36,2025-10-08T17:49,40393.89,13.0,12.6
2025-10-09,2025-10-09T06:37,2025-10-09T17:47,40177.51,13.3,12.8
2025-10-10,2025-10-10T06:39,2025-10-10T17:45,39962.10,11.2,10.4
2025-10-11,2025-10-11T06:40,2025-10-11T17:43,39747.80,12.9,12.6
2025-10-12,2025-10-12T06:42,2025-10-12T17:41,39534.76,12.8,11.7
2025-10-13,2025-10-13T06:43,2025-10-13T17:39,39323.13,12.5,11.9
2025-10-14,2025-10-14T06:45,2025-10-14T17:37,39112.82,12.3,11.2
2025-10-15,2025-10-15T06:46,2025-10-15T17:35,38902.19,12.5,11.6
2025-10-16,2025-10-16T06:48,2025-10-16T17:33,38691.03,10.4,9.3
2025-10-17,2025-10-17T06:50,2025-10-17T17:31,38479.50,11.4,10.2
2025-10-18,2025-10-18T06:51,2025-10-18T17:29,38267.78,10.9,8.8
2025-10-19,2025-10-19T06:53,2025-10-19T17:27,38056.01,9.9,7.1
2025-10-20,2025-10-20T06:54,2025-10-20T17:25,37844.37,12.3,11.0
2025-10-21,2025-10-21T06:56,2025-10-21T17:23,37633.02,13.2,11.7
2025-10-22,2025-10-22T06:58,2025-10-22T17:21,37422.14,13.7,13.3
2025-10-23,2025-10-23T06:59,2025-10-23T17:19,37211.90,13.2,10.5
2025-10-24,2025-10-24T07:01,2025-10-24T17:17,37002.49,8.9,4.5
2025-10-25,2025-10-25T07:02,2025-10-25T17:16,36794.07,9.5,6.4
2025-10-26,2025-10-26T07:04,2025-10-26T17:14,36586.86,7.9,4.0
2025-10-27,2025-10-27T07:06,2025-10-27T17:12,36381.03,8.4,4.6
2025-10-28,2025-10-28T07:07,2025-10-28T17:10,36176.77,10.7,7.4
2025-10-29,2025-10-29T07:09,2025-10-29T17:08,35974.30,12.6,11.1
2025-10-30,2025-10-30T07:10,2025-10-30T17:07,35773.82,11.0,8.7
2025-10-31,2025-10-31T07:12,2025-10-31T17:05,35575.55,8.8,6.5
2025-11-01,2025-11-01T07:14,2025-11-01T17:03,35379.68,12.0,10.7
2025-11-02,2025-11-02T07:15,2025-11-02T17:02,35186.46,10.9,9.4
2025-11-03,2025-11-03T07:17,2025-11-03T17:00,34995.83,9.0,6.7
2025-11-04,2025-11-04T07:18,2025-11-04T16:58,34806.00,10.0,8.1
2025-11-05,2025-11-05T07:20,2025-11-05T16:57,34616.77,8.2,6.2
2025-11-06,2025-11-06T07:22,2025-11-06T16:55,34428.33,5.7,3.6
2025-11-07,2025-11-07T07:23,2025-11-07T16:54,34240.90,3.8,1.5
2025-11-08,2025-11-08T07:25,2025-11-08T16:52,34054.65,4.7,2.7
2025-11-09,2025-11-09T07:27,2025-11-09T16:51,33869.82,7.6,6.2
2025-11-10,2025-11-10T07:28,2025-11-10T16:50,33686.61,7.3,5.8
2025-11-11,2025-11-11T07:30,2025-11-11T16:48,33505.24,9.1,7.1
2025-11-12,2025-11-12T07:31,2025-11-12T16:47,33325.94,8.1,5.9
2025-11-13,2025-11-13T07:33,2025-11-13T16:45,33148.93,9.9,7.8
2025-11-14,2025-11-14T07:35,2025-11-14T16:44,32974.47,10.9,9.1
2025-11-15,2025-11-15T07:36,2025-11-15T16:43,32802.78,12.1,11.3
2025-11-16,2025-11-16T07:38,2025-11-16T16:42,32634.12,9.6,8.5
2025-11-17,2025-11-17T07:39,2025-11-17T16:40,32468.73,5.7,2.5
2025-11-18,2025-11-18T07:41,2025-11-18T16:39,32306.88,1.4,-1.5
2025-11-19,2025-11-19T07:42,2025-11-19T16:38,32148.83,2.5,-1.0
2025-11-20,2025-11-20T07:44,2025-11-20T16:37,31994.86,2.6,-0.9
2025-11-21,2025-11-21T07:45,2025-11-21T16:36,31845.22,-0.0,-3.4
2025-11-22,2025-11-22T07:47,2025-11-22T16:35,31700.21,-3.1,-6.6
2025-11-23,2025-11-23T07:48,2025-11-23T16:34,31559.86,-2.0,-6.2
2025-11-24,2025-11-24T07:50,2025-11-24T16:33,31422.61,3.0,0.2
2025-11-25,2025-11-25T07:51,2025-11-25T16:33,31288.29,2.9,0.4
2025-11-26,2025-11-26T07:53,2025-11-26T16:32,31157.09,2.9,0.0
2025-11-27,2025-11-27T07:54,2025-11-27T16:31,31029.19,3.5,0.2
2025-11-28,2025-11-28T07:55,2025-11-28T16:30,30904.78,4.8,1.8
2025-11-29,2025-11-29T07:57,2025-11-29T16:30,30784.05,7.1,5.1
2025-11-30,2025-11-30T07:58,2025-11-30T16:29,30667.19,5.7,3.4
2025-12-01,2025-12-01T07:59,2025-12-01T16:29,30554.40,2.4,-0.7
2025-12-02,2025-12-02T08:01,2025-12-02T16:28,30445.87,2.4,-0.8
