time,temperature_2m (°C),rain (mm),apparent_temperature (°C),weather_code (wmo code),cloud_cover (%),relative_humidity_2m (%),weather_mood
2025-10-01T00:00,10.2,0.0,9.1,3,100.0,89.0,-5.9
2025-10-01T01:00,10.7,0.0,9.6,2,69.0,87.0,-3.79
2025-10-01T02:00,10.4,0.0,9.2,3,98.0,86.0,-5.68
2025-10-01T03:00,10.6,0.0,9.5,3,90.0,85.0,-5.1
2025-10-01T04:00,10.4,0.0,9.3,2,73.0,85.0,-4.18
2025-10-01T05:00,9.1,0.0,7.8,1,23.0,88.0,-1.3800000000000008
2025-10-01T06:00,8.1,0.0,6.6,0,8.0,89.0,-0.47999999999999865
2025-10-01T07:00,7.4,0.0,5.9,0,4.0,92.0,-0.2400000000000002
2025-10-01T08:00,8.9,0.0,7.6,1,20.0,88.0,-1.1999999999999993
2025-10-01T09:00,10.8,0.0,9.7,1,26.0,78.0,-1.1599999999999984
2025-10-01T10:00,12.6,0.0,11.3,0,12.0,71.0,0.5800000000000001
2025-10-01T11:00,14.1,0.0,11.9,0,1.0,59.0,1.9899999999999984
2025-10-01T12:00,15.1,0.0,12.7,0,4.0,52.0,2.3099999999999987
2025-10-01T13:00,15.6,0.0,13.2,1,33.0,50.0,0.8199999999999985
2025-10-01T14:00,15.8,0.0,13.0,1,47.0,47.0,0.08000000000000007
2025-10-01T15:00,15.9,0.0,13.0,1,42.0,43.0,0.4300000000000015
2025-10-01T16:00,15.3,0.0,12.5,2,73.0,47.0,-1.7299999999999986
2025-10-01T17:00,14.2,0.0,11.7,1,34.0,54.0,0.05999999999999872
2025-10-01T18:00,11.9,0.0,9.6,0,7.0,64.0,0.5299999999999994
2025-10-01T19:00,11.0,0.0,8.5,0,2.0,67.0,0.3800000000000008
2025-10-01T20:00,10.1,0.0,7.5,0,1.0,69.0,-0.009999999999999787
2025-10-01T21:00,9.6,0.0,7.0,0,2.0,71.0,-0.120000000000001
2025-10-01T22:00,9.2,0.0,6.5,0,2.0,72.0,-0.120000000000001
2025-10-01T23:00,8.8,0.0,6.0,0,0.0,74.0,0.0
2025-10-02T00:00,8.5,0.0,5.6,0,0.0,75.0,0.0
2025-10-02T01:00,7.6,0.0,4.6,0,0.0,76.0,0.0
2025-10-02T02:00,7.2,0.0,4.2,0,0.0,78.0,0.0
2025-10-02T03:00,6.8,0.0,3.9,0,0.0,80.0,0.0
2025-10-02T04:00,6.5,0.0,3.7,0,0.0,82.0,0.0
2025-10-02T05:00,6.1,0.0,3.6,0,0.0,84.0,0.0
2025-10-02T06:00,5.6,0.0,3.2,0,0.0,85.0,0.0
2025-10-02T07:00,5.1,0.0,2.9,0,0.0,89.0,0.0
2025-10-02T08:00,7.2,0.0,4.7,0,0.0,84.0,0.0
2025-10-02T09:00,9.3,0.0,6.8,0,0.0,77.0,0.0
2025-10-02T10:00,11.0,0.0,8.7,0,0.0,72.0,0.5
2025-10-02T11:00,12.4,0.0,10.2,0,0.0,65.0,1.200000000000001
2025-10-02T12:00,13.5,0.0,11.3,0,0.0,59.0,1.7499999999999982
2025-10-02T13:00,14.4,0.0,12.2,0,8.0,54.0,1.7200000000000024
2025-10-02T14:00,15.1,0.0,12.2,2,55.0,50.0,-0.75
2025-10-02T15:00,15.0,0.0,12.0,3,91.0,50.0,-2.960000000000001
2025-10-02T16:00,14.6,0.0,11.9,3,84.0,53.0,-2.74
2025-10-02T17:00,13.7,0.0,11.8,0,13.0,61.0,1.0700000000000003
2025-10-02T18:00,12.0,0.0,9.6,0,0.0,64.0,1.0
2025-10-02T19:00,11.2,0.0,8.5,0,0.0,66.0,0.6000000000000014
2025-10-02T20:00,10.3,0.0,7.5,0,0.0,68.0,0.15000000000000213
2025-10-02T21:00,9.7,0.0,6.8,0,0.0,70.0,0.0
2025-10-02T22:00,9.2,0.0,6.3,0,0.0,72.0,0.0
2025-10-02T23:00,8.5,0.0,5.6,0,0.0,75.0,0.0
2025-10-03T00:00,7.9,0.0,5.0,0,0.0,77.0,0.0
2025-10-03T01:00,7.3,0.0,4.1,0,0.0,78.0,0.0
2025-10-03T02:00,6.7,0.0,3.5,0,16.0,79.0,-0.9599999999999991
2025-10-03T03:00,6.2,0.0,3.0,1,27.0,81.0,-1.6199999999999992
2025-10-03T04:00,5.8,0.0,2.6,3,100.0,82.0,-6.0
2025-10-03T05:00,5.5,0.0,2.2,3,100.0,83.0,-6.0
2025-10-03T06:00,5.6,0.0,2.1,3,100.0,82.0,-6.0
2025-10-03T07:00,5.8,0.0,2.3,3,100.0,83.0,-6.0
2025-10-03T08:00,7.0,0.0,3.7,3,100.0,80.0,-6.0
2025-10-03T09:00,8.0,0.0,4.9,3,100.0,79.0,-6.0
2025-10-03T10:00,9.3,0.0,6.3,3,100.0,73.0,-6.0
2025-10-03T11:00,10.9,0.0,7.7,3,100.0,66.0,-5.549999999999999
2025-10-03T12:00,11.5,0.0,8.6,3,100.0,66.0,-5.25
2025-10-03T13:00,13.8,0.0,11.1,3,100.0,60.0,-4.1
2025-10-03T14:00,13.7,0.0,11.2,3,100.0,61.0,-4.15
2025-10-03T15:00,13.4,0.0,11.8,3,100.0,66.0,-4.299999999999999
2025-10-03T16:00,14.3,0.0,12.4,3,100.0,60.0,-3.8499999999999996
2025-10-03T17:00,13.3,0.0,12.3,3,100.0,71.0,-4.35
2025-10-03T18:00,12.2,0.0,11.0,3,100.0,75.0,-4.9
2025-10-03T19:00,12.4,0.0,10.3,3,100.0,72.0,-4.8
2025-10-03T20:00,11.7,0.0,9.7,3,100.0,75.0,-5.15
2025-10-03T21:00,11.3,0.0,9.5,3,100.0,77.0,-5.35
2025-10-03T22:00,10.9,0.0,9.1,3,100.0,78.0,-5.549999999999999
2025-10-03T23:00,10.6,0.0,8.9,3,100.0,80.0,-5.7
2025-10-04T00:00,10.4,0.0,8.6,3,100.0,81.0,-5.8
2025-10-04T01:00,10.6,0.1,8.6,51,100.0,83.0,-5.74
2025-10-04T02:00,10.7,0.3,8.6,51,100.0,83.0,-5.7700000000000005
2025-10-04T03:00,10.7,0.3,8.3,51,100.0,85.0,-5.7700000000000005
2025-10-04T04:00,10.7,0.3,8.3,51,100.0,85.0,-5.7700000000000005
2025-10-04T05:00,10.7,0.2,8.5,51,100.0,87.0,-5.73
2025-10-04T06:00,11.5,0.0,9.3,3,100.0,87.0,-5.25
2025-10-04T07:00,11.9,0.0,9.9,3,100.0,89.0,-5.05
2025-10-04T08:00,13.5,0.0,11.5,3,100.0,87.0,-4.25
2025-10-04T09:00,15.1,1.5,12.4,61,100.0,83.0,-4.050000000000001
2025-10-04T10:00,15.9,0.7,13.5,53,100.0,82.0,-3.33
2025-10-04T11:00,17.1,0.0,14.5,3,100.0,78.0,-2.4499999999999993
2025-10-04T12:00,17.5,0.7,15.1,53,100.0,80.0,-2.5299999999999994
2025-10-04T13:00,15.2,3.1,13.0,63,100.0,93.0,-4.640000000000001
2025-10-04T14:00,13.9,2.4,12.7,61,100.0,94.0,-5.01
2025-10-04T15:00,13.2,0.9,11.1,53,100.0,88.0,-4.76
2025-10-04T16:00,12.3,0.4,10.2,51,71.0,88.0,-3.2699999999999996
2025-10-04T17:00,11.8,0.4,8.8,51,66.0,89.0,-3.2199999999999998
2025-10-04T18:00,11.7,0.6,8.4,53,15.0,80.0,-0.2900000000000009
2025-10-04T19:00,11.3,0.0,7.1,0,5.0,70.0,0.3500000000000014
2025-10-04T20:00,10.9,0.0,7.5,0,15.0,69.0,-0.4499999999999993
2025-10-04T21:00,10.6,0.1,7.0,51,19.0,70.0,-0.879999999999999
2025-10-04T22:00,10.4,0.0,6.3,2,53.0,73.0,-2.9800000000000004
2025-10-04T23:00,10.1,0.0,5.8,2,74.0,77.0,-4.390000000000001
2025-10-05T00:00,9.8,0.0,5.8,2,61.0,79.0,-3.66
2025-10-05T01:00,9.7,0.1,6.0,51,79.0,82.0,-4.779999999999999
2025-10-05T02:00,9.6,0.1,5.9,51,99.0,81.0,-5.9799999999999995
2025-10-05T03:00,9.7,0.0,6.2,3,80.0,80.0,-4.8
2025-10-05T04:00,9.5,0.0,6.2,3,93.0,81.0,-5.58
2025-10-05T05:00,9.5,0.1,6.2,51,100.0,82.0,-6.04
2025-10-05T06:00,9.8,0.2,6.5,51,100.0,81.0,-6.08
2025-10-05T07:00,9.3,0.3,6.2,51,93.0,90.0,-5.7
2025-10-05T08:00,9.9,0.0,6.5,3,91.0,86.0,-5.46
2025-10-05T09:00,10.3,0.1,7.0,51,77.0,86.0,-4.51
2025-10-05T10:00,11.1,0.1,8.1,51,100.0,84.0,-5.49
2025-10-05T11:00,11.5,0.3,8.4,51,48.0,86.0,-2.25
2025-10-05T12:00,13.0,0.1,9.3,51,31.0,71.0,-0.40000000000000036
2025-10-05T13:00,13.3,0.1,9.8,51,98.0,67.0,-4.27
2025-10-05T14:00,11.8,2.6,9.2,63,88.0,81.0,-5.42
2025-10-05T15:00,12.9,0.0,9.7,1,33.0,68.0,-0.5300000000000011
2025-10-05T16:00,13.4,0.0,10.0,2,64.0,61.0,-2.1399999999999997
2025-10-05T17:00,12.6,0.0,9.6,3,95.0,65.0,-4.3999999999999995
2025-10-05T18:00,11.7,0.0,8.8,3,100.0,68.0,-5.15
2025-10-05T19:00,11.3,0.0,8.7,3,100.0,76.0,-5.35
2025-10-05T20:00,11.1,0.0,8.4,3,91.0,76.0,-4.91
2025-10-05T21:00,10.5,0.0,7.8,2,75.0,78.0,-4.25
2025-10-05T22:00,10.3,0.0,7.7,3,100.0,78.0,-5.85
2025-10-05T23:00,10.7,0.0,8.2,3,100.0,76.0,-5.65
2025-10-06T00:00,10.5,0.0,8.1,3,99.0,77.0,-5.6899999999999995
2025-10-06T01:00,10.1,0.0,7.7,2,52.0,81.0,-3.0699999999999994
2025-10-06T02:00,9.4,0.2,7.5,51,95.0,86.0,-5.779999999999999
2025-10-06T03:00,8.8,0.2,7.2,51,100.0,89.0,-6.08
2025-10-06T04:00,8.8,0.0,7.1,3,100.0,90.0,-6.0
2025-10-06T05:00,9.4,0.2,7.4,51,100.0,90.0,-6.08
2025-10-06T06:00,9.2,0.3,7.2,51,96.0,92.0,-5.88
2025-10-06T07:00,9.5,0.1,7.9,51,100.0,93.0,-6.04
2025-10-06T08:00,10.0,0.0,8.3,3,100.0,92.0,-6.0
2025-10-06T09:00,10.6,0.0,8.9,3,100.0,90.0,-5.7
2025-10-06T10:00,10.9,0.1,9.1,51,100.0,90.0,-5.59
2025-10-06T11:00,12.1,0.0,10.2,3,100.0,87.0,-4.95
2025-10-06T12:00,12.6,0.1,10.1,51,99.0,81.0,-4.68
2025-10-06T13:00,13.9,0.3,11.1,51,100.0,73.0,-4.17
2025-10-06T14:00,13.9,0.1,11.3,51,100.0,72.0,-4.09
2025-10-06T15:00,13.0,0.3,11.1,51,100.0,77.0,-4.619999999999999
2025-10-06T16:00,11.9,1.1,10.9,55,100.0,93.0,-5.489999999999999
2025-10-06T17:00,11.7,0.8,10.8,53,100.0,96.0,-5.47
2025-10-06T18:00,11.4,0.5,10.6,53,100.0,96.0,-5.5
2025-10-06T19:00,11.1,0.1,9.8,51,100.0,96.0,-5.49
2025-10-06T20:00,10.9,0.1,10.0,51,100.0,97.0,-5.59
2025-10-06T21:00,10.9,0.4,10.1,51,100.0,98.0,-5.709999999999999
2025-10-06T22:00,10.8,0.1,10.0,51,100.0,98.0,-5.64
2025-10-06T23:00,10.7,0.0,9.9,3,100.0,98.0,-5.65
2025-10-07T00:00,10.8,0.0,10.0,3,100.0,98.0,-5.6
2025-10-07T01:00,10.9,0.0,10.2,3,100.0,98.0,-5.549999999999999
2025-10-07T02:00,10.9,0.0,10.2,3,100.0,98.0,-5.549999999999999
2025-10-07T03:00,10.8,0.0,10.3,3,100.0,99.0,-5.6
2025-10-07T04:00,10.9,0.0,10.6,3,100.0,99.0,-5.549999999999999
2025-10-07T05:00,11.0,0.0,10.5,3,100.0,98.0,-5.5
2025-10-07T06:00,11.0,0.0,10.6,3,100.0,99.0,-5.5
2025-10-07T07:00,11.2,0.0,10.6,3,100.0,99.0,-5.4
2025-10-07T08:00,11.6,0.0,10.9,3,100.0,97.0,-5.2
2025-10-07T09:00,12.2,0.0,11.9,3,100.0,96.0,-4.9
2025-10-07T10:00,12.8,0.0,12.6,3,100.0,94.0,-4.6
2025-10-07T11:00,13.8,0.0,13.6,3,100.0,89.0,-4.1
2025-10-07T12:00,14.7,0.0,14.5,3,100.0,83.0,-3.6500000000000004
2025-10-07T13:00,14.7,0.0,14.7,3,100.0,83.0,-3.6500000000000004
2025-10-07T14:00,15.0,0.0,14.9,3,100.0,82.0,-3.5
2025-10-07T15:00,15.0,0.0,15.0,3,100.0,82.0,-3.5
2025-10-07T16:00,15.0,0.0,15.2,3,100.0,82.0,-3.5
2025-10-07T17:00,14.9,0.0,15.3,0,14.0,84.0,1.6099999999999994
2025-10-07T18:00,13.0,0.0,12.9,1,27.0,90.0,-0.120000000000001
2025-10-07T19:00,12.0,0.0,11.8,1,34.0,94.0,-1.0399999999999991
2025-10-07T20:00,12.3,0.0,12.0,1,37.0,93.0,-1.0700000000000003
2025-10-07T21:00,11.8,0.0,11.5,3,96.0,95.0,-4.8599999999999985
2025-10-07T22:00,11.6,0.0,11.2,3,95.0,95.0,-4.9
2025-10-07T23:00,11.0,0.0,10.2,2,76.0,95.0,-4.059999999999999
2025-10-08T00:00,10.4,0.0,9.5,3,99.0,96.0,-5.739999999999999
2025-10-08T01:00,10.2,0.0,9.4,3,100.0,95.0,-5.9
2025-10-08T02:00,10.1,0.0,9.2,3,100.0,96.0,-5.949999999999999
2025-10-08T03:00,9.7,0.0,8.7,3,100.0,97.0,-6.0
2025-10-08T04:00,9.3,0.0,8.1,3,100.0,98.0,-6.0
2025-10-08T05:00,9.3,0.0,8.2,3,100.0,98.0,-6.0
2025-10-08T06:00,8.6,0.0,7.6,3,100.0,98.0,-6.0
2025-10-08T07:00,8.6,0.0,7.6,3,100.0,98.0,-6.0
2025-10-08T08:00,10.4,0.0,9.6,3,100.0,95.0,-5.8
2025-10-08T09:00,12.7,0.0,12.6,3,100.0,90.0,-4.65
2025-10-08T10:00,14.7,0.0,15.0,3,100.0,83.0,-3.6500000000000004
2025-10-08T11:00,16.0,0.0,16.4,3,97.0,77.0,-2.8200000000000003
2025-10-08T12:00,17.0,0.0,17.4,3,95.0,74.0,-2.1999999999999993
2025-10-08T13:00,17.4,0.0,17.6,3,100.0,69.0,-2.3
2025-10-08T14:00,17.9,0.0,17.8,3,96.0,70.0,-1.8100000000000005
2025-10-08T15:00,17.7,0.0,17.3,3,86.0,72.0,-1.3100000000000005
2025-10-08T16:00,16.6,0.0,15.9,1,45.0,76.0,0.6000000000000014
2025-10-08T17:00,15.5,0.0,15.1,2,62.0,82.0,-0.9699999999999989
2025-10-08T18:00,14.2,0.0,13.6,2,79.0,87.0,-2.6400000000000006
2025-10-08T19:00,13.5,0.0,12.7,3,95.0,91.0,-3.95
2025-10-08T20:00,13.6,0.0,13.0,3,95.0,91.0,-3.8999999999999986
2025-10-08T21:00,13.7,0.0,13.5,3,100.0,91.0,-4.15
2025-10-08T22:00,13.5,0.0,13.5,3,100.0,92.0,-4.25
2025-10-08T23:00,13.0,0.0,12.9,3,92.0,94.0,-4.0200000000000005
2025-10-09T00:00,13.2,0.0,12.9,3,100.0,93.0,-4.3999999999999995
2025-10-09T01:00,12.8,0.0,12.3,3,100.0,96.0,-4.6
2025-10-09T02:00,13.0,0.1,12.6,51,100.0,96.0,-4.539999999999999
2025-10-09T03:00,12.8,0.0,12.3,3,100.0,97.0,-4.6
2025-10-09T04:00,12.5,0.0,11.9,3,100.0,97.0,-4.75
2025-10-09T05:00,11.9,0.0,11.3,0,13.0,97.0,0.16999999999999815
2025-10-09T06:00,11.1,0.0,10.5,0,17.0,98.0,-0.47000000000000064
2025-10-09T07:00,10.2,0.0,9.8,0,5.0,100.0,-0.1999999999999993
2025-10-09T08:00,11.3,0.0,10.9,0,12.0,97.0,-0.06999999999999851
2025-10-09T09:00,13.0,0.0,12.8,3,95.0,92.0,-4.199999999999999
2025-10-09T10:00,14.0,0.0,13.5,3,100.0,86.0,-3.999999999999999
2025-10-09T11:00,14.3,0.0,13.8,3,100.0,84.0,-3.8499999999999996
2025-10-09T12:00,14.7,0.0,14.4,3,100.0,84.0,-3.6500000000000004
2025-10-09T13:00,16.0,0.0,15.7,3,99.0,76.0,-2.9400000000000004
2025-10-09T14:00,16.5,0.0,16.1,2,60.0,72.0,-0.34999999999999964
2025-10-09T15:00,16.8,0.0,16.0,2,63.0,70.0,-0.379999999999999
2025-10-09T16:00,16.3,0.0,15.5,2,53.0,73.0,-0.02999999999999936
2025-10-09T17:00,15.4,0.0,14.9,1,20.0,79.0,1.5
2025-10-09T18:00,13.9,0.0,13.5,1,25.0,85.0,0.4499999999999993
2025-10-09T19:00,13.3,0.0,13.0,0,2.0,89.0,1.5300000000000011
2025-10-09T20:00,13.0,0.0,12.3,0,0.0,88.0,1.5
2025-10-09T21:00,11.9,0.0,11.2,0,0.0,88.0,0.9499999999999993
2025-10-09T22:00,11.3,0.0,9.8,0,5.0,88.0,0.3500000000000014
2025-10-09T23:00,10.7,0.0,9.3,0,0.0,88.0,0.34999999999999964
2025-10-10T00:00,9.8,0.0,8.6,1,38.0,89.0,-2.2799999999999994
2025-10-10T01:00,9.2,0.0,7.8,0,0.0,89.0,0.0
2025-10-10T02:00,8.8,0.0,7.5,0,0.0,89.0,0.0
2025-10-10T03:00,8.6,0.0,7.6,0,16.0,88.0,-0.9599999999999991
2025-10-10T04:00,8.3,0.0,7.1,0,14.0,88.0,-0.8399999999999999
2025-10-10T05:00,8.0,0.0,6.7,3,88.0,89.0,-5.279999999999999
2025-10-10T06:00,8.0,0.0,7.0,0,0.0,88.0,0.0
2025-10-10T07:00,7.7,0.0,6.7,2,60.0,91.0,-3.5999999999999996
2025-10-10T08:00,9.4,0.0,8.6,3,94.0,88.0,-5.64
2025-10-10T09:00,11.3,0.0,10.8,3,98.0,86.0,-5.229999999999999
2025-10-10T10:00,12.8,0.0,12.3,3,100.0,83.0,-4.6
2025-10-10T11:00,13.7,0.0,13.0,3,100.0,78.0,-4.15
2025-10-10T12:00,14.0,0.0,13.2,3,100.0,77.0,-3.999999999999999
2025-10-10T13:00,13.8,0.0,12.8,3,100.0,76.0,-4.1
2025-10-10T14:00,14.0,0.0,13.2,3,100.0,74.0,-3.999999999999999
2025-10-10T15:00,14.4,0.0,13.7,3,100.0,73.0,-3.799999999999999
2025-10-10T16:00,14.6,0.0,13.9,3,100.0,72.0,-3.7
2025-10-10T17:00,14.1,0.0,13.5,3,87.0,79.0,-3.17
2025-10-10T18:00,12.9,0.0,12.5,1,34.0,86.0,-0.5899999999999999
2025-10-10T19:00,12.8,0.0,12.5,3,100.0,88.0,-4.6
2025-10-10T20:00,12.2,0.0,11.9,3,96.0,91.0,-4.66
2025-10-10T21:00,11.5,0.0,11.2,1,26.0,93.0,-0.8099999999999987
2025-10-10T22:00,10.4,0.0,9.9,0,3.0,95.0,0.019999999999999574
2025-10-10T23:00,9.6,0.0,8.8,0,3.0,95.0,-0.17999999999999972
2025-10-11T00:00,9.1,0.0,8.0,0,6.0,95.0,-0.35999999999999943
2025-10-11T01:00,9.7,0.0,8.9,3,100.0,95.0,-6.0
2025-10-11T02:00,10.3,0.0,9.9,3,95.0,94.0,-5.549999999999999
2025-10-11T03:00,10.0,0.0,9.4,3,87.0,95.0,-5.22
2025-10-11T04:00,10.2,0.0,9.7,3,100.0,94.0,-5.9
2025-10-11T05:00,10.6,0.0,10.3,3,100.0,94.0,-5.7
2025-10-11T06:00,10.7,0.0,10.5,3,99.0,94.0,-5.59
2025-10-11T07:00,9.5,0.0,9.1,1,48.0,94.0,-2.880000000000001
2025-10-11T08:00,10.3,0.0,9.8,1,34.0,93.0,-1.8900000000000006
2025-10-11T09:00,12.0,0.0,11.9,0,12.0,88.0,0.28000000000000114
2025-10-11T10:00,13.8,0.0,13.9,0,2.0,82.0,1.7799999999999994
2025-10-11T11:00,15.4,0.0,15.6,2,63.0,76.0,-1.08
2025-10-11T12:00,16.3,0.0,16.5,2,73.0,72.0,-1.2299999999999986
2025-10-11T13:00,16.1,0.1,15.9,51,100.0,75.0,-2.9899999999999993
2025-10-11T14:00,15.7,0.2,15.4,51,100.0,80.0,-3.2299999999999995
2025-10-11T15:00,15.9,0.1,15.8,51,100.0,79.0,-3.09
2025-10-11T16:00,16.0,0.0,16.3,3,100.0,79.0,-3.0
2025-10-11T17:00,15.5,0.0,16.2,3,97.0,85.0,-3.0699999999999994
2025-10-11T18:00,14.4,0.0,14.3,3,98.0,86.0,-3.679999999999999
2025-10-11T19:00,14.2,0.0,13.7,3,100.0,87.0,-3.9000000000000004
2025-10-11T20:00,14.2,0.0,13.4,3,100.0,86.0,-3.9000000000000004
2025-10-11T21:00,13.8,0.0,13.0,3,100.0,86.0,-4.1
2025-10-11T22:00,13.4,0.0,12.8,3,100.0,88.0,-4.299999999999999
2025-10-11T23:00,13.1,0.0,12.5,3,100.0,89.0,-4.450000000000001
2025-10-12T00:00,12.9,0.0,12.3,3,100.0,89.0,-4.55
2025-10-12T01:00,12.5,0.0,11.7,3,96.0,91.0,-4.51
2025-10-12T02:00,12.6,0.0,11.8,3,98.0,88.0,-4.58
2025-10-12T03:00,12.6,0.0,11.7,3,96.0,84.0,-4.459999999999999
2025-10-12T04:00,11.9,0.0,10.6,2,66.0,86.0,-3.01
2025-10-12T05:00,11.0,0.0,9.8,1,44.0,90.0,-2.1399999999999997
2025-10-12T06:00,10.4,0.0,9.4,1,27.0,92.0,-1.4199999999999982
2025-10-12T07:00,10.8,0.0,9.8,2,52.0,93.0,-2.7200000000000006
2025-10-12T08:00,12.1,0.0,11.4,3,100.0,90.0,-4.95
2025-10-12T09:00,13.8,0.0,13.7,3,97.0,83.0,-3.919999999999999
2025-10-12T10:00,15.0,0.0,14.6,2,77.0,75.0,-2.119999999999999
2025-10-12T11:00,15.7,0.0,14.9,3,100.0,68.0,-3.1499999999999995
2025-10-12T12:00,16.2,0.0,15.2,1,27.0,65.0,1.4800000000000004
2025-10-12T13:00,15.6,0.0,14.5,3,92.0,66.0,-2.7200000000000006
2025-10-12T14:00,15.8,0.0,14.5,2,52.0,66.0,-0.21999999999999886
2025-10-12T15:00,15.6,0.0,14.1,2,66.0,66.0,-1.1600000000000001
2025-10-12T16:00,14.9,0.0,13.1,3,98.0,68.0,-3.4299999999999997
2025-10-12T17:00,14.0,0.0,12.4,0,0.0,73.0,2.0000000000000018
2025-10-12T18:00,12.4,0.0,10.8,0,5.0,79.0,0.8999999999999986
2025-10-12T19:00,11.7,0.0,10.3,0,8.0,82.0,0.3699999999999992
2025-10-12T20:00,10.9,0.0,9.2,1,21.0,85.0,-0.8099999999999987
2025-10-12T21:00,10.5,0.0,9.0,0,7.0,86.0,-0.16999999999999993
2025-10-12T22:00,9.8,0.0,8.6,0,4.0,88.0,-0.2400000000000002
2025-10-12T23:00,9.0,0.0,7.8,0,4.0,91.0,-0.2400000000000002
2025-10-13T00:00,8.6,0.0,7.4,3,89.0,92.0,-5.34
2025-10-13T01:00,9.6,0.0,8.5,2,66.0,90.0,-3.96
2025-10-13T02:00,9.9,0.0,9.0,0,14.0,89.0,-0.8399999999999999
2025-10-13T03:00,9.4,0.0,8.3,2,63.0,90.0,-3.7800000000000002
2025-10-13T04:00,9.7,0.0,8.5,3,100.0,90.0,-6.0
2025-10-13T05:00,10.6,0.0,9.6,3,100.0,87.0,-5.7
2025-10-13T06:00,10.8,0.0,9.9,3,100.0,87.0,-5.6
2025-10-13T07:00,10.9,0.0,10.2,3,100.0,88.0,-5.549999999999999
2025-10-13T08:00,11.5,0.0,10.7,3,100.0,85.0,-5.25
2025-10-13T09:00,12.1,0.0,11.5,3,100.0,83.0,-4.95
2025-10-13T10:00,13.2,0.0,12.6,3,100.0,78.0,-4.3999999999999995
2025-10-13T11:00,14.2,0.0,13.8,3,100.0,76.0,-3.9000000000000004
2025-10-13T12:00,15.3,0.0,15.1,3,100.0,73.0,-3.3499999999999996
2025-10-13T13:00,16.1,0.0,15.2,3,100.0,67.0,-2.9499999999999993
2025-10-13T14:00,16.1,0.0,15.1,3,100.0,66.0,-2.9499999999999993
2025-10-13T15:00,16.3,0.0,15.2,3,100.0,66.0,-2.8499999999999996
2025-10-13T16:00,16.2,0.0,15.2,3,94.0,67.0,-2.54
2025-10-13T17:00,15.4,0.0,15.4,3,100.0,77.0,-3.3
2025-10-13T18:00,14.5,0.0,14.6,3,86.0,79.0,-2.9099999999999993
2025-10-13T19:00,13.4,0.0,13.2,2,63.0,85.0,-2.08
2025-10-13T20:00,12.7,0.0,12.2,0,7.0,88.0,0.9299999999999997
2025-10-13T21:00,12.0,0.0,11.3,1,39.0,89.0,-1.3399999999999999
2025-10-13T22:00,11.9,0.0,11.4,2,51.0,90.0,-2.1099999999999994
2025-10-13T23:00,10.9,0.0,10.3,0,14.0,92.0,-0.3899999999999988
2025-10-14T00:00,10.1,0.0,9.2,0,3.0,94.0,-0.13000000000000078
2025-10-14T01:00,11.1,0.0,10.2,3,90.0,93.0,-4.85
2025-10-14T02:00,11.3,0.0,10.3,1,38.0,91.0,-1.629999999999999
2025-10-14T03:00,10.6,0.0,9.6,0,12.0,91.0,-0.41999999999999993
2025-10-14T04:00,9.8,0.0,8.8,0,7.0,93.0,-0.41999999999999993
2025-10-14T05:00,8.9,0.0,7.9,1,25.0,94.0,-1.5
2025-10-14T06:00,8.4,0.0,7.4,1,30.0,95.0,-1.799999999999999
2025-10-14T07:00,8.7,0.0,7.7,1,44.0,98.0,-2.6400000000000006
2025-10-14T08:00,10.2,0.0,9.2,1,48.0,94.0,-2.7800000000000002
2025-10-14T09:00,12.4,0.0,12.1,1,41.0,87.0,-1.259999999999998
2025-10-14T10:00,14.1,0.0,14.3,1,30.0,81.0,0.25
2025-10-14T11:00,15.4,0.0,15.0,1,49.0,71.0,-0.23999999999999844
2025-10-14T12:00,16.3,0.0,15.5,3,96.0,65.0,-2.6099999999999994
2025-10-14T13:00,16.6,0.0,15.7,3,93.0,61.0,-2.2799999999999994
2025-10-14T14:00,16.8,0.0,15.5,3,88.0,60.0,-1.879999999999999
2025-10-14T15:00,16.7,0.0,14.9,2,56.0,60.0,-0.009999999999999787
2025-10-14T16:00,16.1,0.0,14.2,0,14.0,62.0,2.210000000000001
2025-10-14T17:00,14.5,0.0,12.8,0,5.0,70.0,1.9499999999999993
2025-10-14T18:00,12.8,0.0,11.2,0,1.0,77.0,1.3399999999999999
2025-10-14T19:00,12.0,0.0,10.4,0,13.0,80.0,0.22000000000000064
2025-10-14T20:00,11.5,0.0,9.9,0,15.0,82.0,-0.15000000000000036
2025-10-14T21:00,11.1,0.0,9.6,0,18.0,83.0,-0.5300000000000011
2025-10-14T22:00,10.4,0.0,9.2,0,17.0,85.0,-0.8200000000000003
2025-10-14T23:00,9.6,0.0,8.5,3,92.0,89.0,-5.52
2025-10-15T00:00,10.3,0.0,9.7,3,100.0,88.0,-5.85
2025-10-15T01:00,10.9,0.1,10.3,51,100.0,85.0,-5.59
2025-10-15T02:00,11.4,0.0,11.0,3,100.0,86.0,-5.3
2025-10-15T03:00,11.2,0.0,10.6,3,98.0,86.0,-5.28
2025-10-15T04:00,11.0,0.0,10.2,2,66.0,87.0,-3.46
2025-10-15T05:00,10.2,0.0,9.2,1,27.0,90.0,-1.5199999999999996
2025-10-15T06:00,8.8,0.0,7.7,0,14.0,93.0,-0.8399999999999999
2025-10-15T07:00,9.3,0.0,8.1,3,98.0,94.0,-5.88
2025-10-15T08:00,11.1,0.0,10.3,3,90.0,90.0,-4.85
2025-10-15T09:00,12.7,0.0,12.6,1,46.0,86.0,-1.4100000000000001
2025-10-15T10:00,14.2,0.0,14.0,1,49.0,79.0,-0.8399999999999999
2025-10-15T11:00,15.2,0.2,14.8,51,93.0,75.0,-3.0600000000000005
2025-10-15T12:00,15.8,0.0,15.4,2,56.0,70.0,-0.4599999999999991
2025-10-15T13:00,15.8,0.0,14.9,1,48.0,66.0,0.020000000000003126
2025-10-15T14:00,16.5,0.0,15.4,1,42.0,62.0,0.7300000000000004
2025-10-15T15:00,16.6,0.0,15.4,3,93.0,59.0,-2.2799999999999994
2025-10-15T16:00,16.2,0.0,15.2,3,96.0,63.0,-2.66
2025-10-15T17:00,15.2,0.0,14.2,3,91.0,70.0,-2.8600000000000003
2025-10-15T18:00,13.5,0.0,12.0,1,45.0,78.0,-0.9499999999999993
2025-10-15T19:00,12.1,0.0,10.7,0,0.0,85.0,1.0500000000000007
2025-10-15T20:00,11.4,0.0,9.8,0,1.0,87.0,0.6400000000000006
2025-10-15T21:00,10.9,0.0,9.4,0,5.0,88.0,0.15000000000000213
2025-10-15T22:00,10.1,0.0,9.0,1,25.0,89.0,-1.4499999999999993
2025-10-15T23:00,9.3,0.0,8.3,1,47.0,92.0,-2.8200000000000003
2025-10-16T00:00,8.9,0.0,8.0,3,97.0,93.0,-5.819999999999999
2025-10-16T01:00,8.3,0.0,7.0,1,29.0,93.0,-1.7399999999999984
2025-10-16T02:00,7.9,0.0,6.7,1,32.0,93.0,-1.92
2025-10-16T03:00,7.4,0.0,6.0,1,39.0,94.0,-2.34
2025-10-16T04:00,7.2,0.0,5.7,3,85.0,94.0,-5.1
2025-10-16T05:00,7.3,0.0,5.8,3,90.0,93.0,-5.3999999999999995
2025-10-16T06:00,7.7,0.0,6.2,3,90.0,92.0,-5.3999999999999995
2025-10-16T07:00,8.8,0.0,7.8,3,100.0,92.0,-6.0
2025-10-16T08:00,9.8,0.0,9.0,3,100.0,89.0,-6.0
2025-10-16T09:00,10.9,0.0,10.4,3,100.0,87.0,-5.549999999999999
2025-10-16T10:00,11.7,0.0,11.2,3,100.0,84.0,-5.15
2025-10-16T11:00,12.7,0.0,12.0,3,100.0,79.0,-4.65
2025-10-16T12:00,13.3,0.1,12.2,51,100.0,73.0,-4.39
2025-10-16T13:00,13.1,0.1,11.8,51,100.0,75.0,-4.49
2025-10-16T14:00,13.6,0.0,12.4,3,100.0,72.0,-4.199999999999999
2025-10-16T15:00,13.8,0.0,12.6,3,100.0,70.0,-4.1
2025-10-16T16:00,13.9,0.0,12.8,3,100.0,69.0,-4.050000000000001
2025-10-16T17:00,13.5,0.0,12.8,3,99.0,74.0,-4.19
2025-10-16T18:00,12.4,0.0,11.6,1,22.0,81.0,-0.120000000000001
2025-10-16T19:00,10.8,0.0,9.7,1,33.0,86.0,-1.5799999999999983
2025-10-16T20:00,10.3,0.0,8.9,1,39.0,87.0,-2.1899999999999995
2025-10-16T21:00,9.5,0.0,8.1,0,12.0,88.0,-0.7199999999999989
2025-10-16T22:00,8.9,0.0,7.5,3,85.0,90.0,-5.1
2025-10-16T23:00,8.7,0.0,7.4,1,40.0,91.0,-2.4000000000000004
2025-10-17T00:00,8.6,0.0,7.3,2,70.0,92.0,-4.199999999999999
2025-10-17T01:00,9.8,0.0,8.8,1,34.0,89.0,-2.039999999999999
2025-10-17T02:00,9.3,0.0,8.4,1,34.0,91.0,-2.039999999999999
2025-10-17T03:00,8.7,0.0,7.9,2,64.0,93.0,-3.84
2025-10-17T04:00,8.8,0.0,8.0,3,98.0,93.0,-5.88
2025-10-17T05:00,9.3,0.0,8.5,3,100.0,92.0,-6.0
2025-10-17T06:00,9.5,0.1,8.5,51,100.0,92.0,-6.04
2025-10-17T07:00,9.5,0.2,8.4,51,52.0,94.0,-3.200000000000001
2025-10-17T08:00,10.6,0.1,9.7,51,98.0,93.0,-5.62
2025-10-17T09:00,11.8,0.0,11.4,1,46.0,91.0,-1.8599999999999994
2025-10-17T10:00,13.2,0.1,12.8,51,40.0,83.0,-0.8399999999999999
2025-10-17T11:00,13.9,0.3,13.3,51,63.0,77.0,-1.9499999999999993
2025-10-17T12:00,14.6,0.0,13.9,2,71.0,70.0,-1.959999999999999
2025-10-17T13:00,14.4,0.1,13.4,51,79.0,70.0,-2.58
2025-10-17T14:00,14.7,0.0,13.3,2,74.0,66.0,-2.0900000000000007
2025-10-17T15:00,14.7,0.0,12.9,1,37.0,61.0,0.129999999999999
2025-10-17T16:00,14.4,0.0,12.7,1,21.0,65.0,0.9399999999999977
2025-10-17T17:00,13.0,0.0,11.4,0,16.0,73.0,0.5400000000000009
2025-10-17T18:00,11.6,0.0,10.0,1,23.0,79.0,-0.5800000000000001
2025-10-17T19:00,11.4,0.0,9.8,1,26.0,79.0,-0.8599999999999994
2025-10-17T20:00,10.8,0.0,9.4,1,27.0,81.0,-1.2199999999999989
2025-10-17T21:00,10.2,0.0,8.6,3,93.0,82.0,-5.48
2025-10-17T22:00,10.1,0.0,8.4,0,2.0,83.0,-0.07000000000000028
2025-10-17T23:00,9.6,0.0,7.9,0,3.0,84.0,-0.17999999999999972
2025-10-18T00:00,9.0,0.0,7.4,1,32.0,86.0,-1.92
2025-10-18T01:00,11.0,0.0,9.7,1,49.0,87.0,-2.4399999999999995
2025-10-18T02:00,10.7,0.0,9.5,2,59.0,87.0,-3.1899999999999995
2025-10-18T03:00,10.1,0.0,8.9,1,24.0,87.0,-1.3900000000000006
2025-10-18T04:00,8.8,0.0,7.4,1,38.0,88.0,-2.2799999999999994
2025-10-18T05:00,8.7,0.0,7.2,1,33.0,87.0,-1.9800000000000004
2025-10-18T06:00,9.0,0.0,7.2,3,100.0,86.0,-6.0
2025-10-18T07:00,9.8,0.0,8.3,3,100.0,86.0,-6.0
2025-10-18T08:00,10.6,0.0,9.4,3,96.0,87.0,-5.46
2025-10-18T09:00,11.7,0.0,10.9,3,88.0,83.0,-4.430000000000001
2025-10-18T10:00,12.8,0.0,11.7,3,88.0,77.0,-3.879999999999999
2025-10-18T11:00,13.8,0.0,12.2,1,32.0,68.0,-0.019999999999999574
2025-10-18T12:00,14.6,0.0,12.7,2,61.0,59.0,-1.3599999999999994
2025-10-18T13:00,14.3,0.0,12.1,3,100.0,58.0,-3.8499999999999996
2025-10-18T14:00,14.3,0.0,12.1,3,100.0,57.0,-3.8499999999999996
2025-10-18T15:00,14.1,0.0,11.7,2,67.0,56.0,-1.9700000000000006
2025-10-18T16:00,13.6,0.0,11.4,1,34.0,60.0,-0.2400000000000002
2025-10-18T17:00,12.2,0.0,10.2,0,14.0,66.0,0.2599999999999998
2025-10-18T18:00,10.6,0.0,7.7,2,69.0,68.0,-3.84
2025-10-18T19:00,9.8,0.0,6.4,3,99.0,69.0,-5.9399999999999995
2025-10-18T20:00,8.9,0.0,5.4,3,100.0,72.0,-6.0
2025-10-18T21:00,8.5,0.0,4.7,3,100.0,72.0,-6.0
2025-10-18T22:00,8.1,0.0,3.9,3,100.0,71.0,-6.0
2025-10-18T23:00,7.7,0.0,3.6,3,100.0,71.0,-6.0
2025-10-19T00:00,7.5,0.0,3.4,3,100.0,72.0,-6.0
2025-10-19T01:00,7.5,0.0,3.5,3,100.0,73.0,-6.0
2025-10-19T02:00,7.2,0.0,3.3,3,100.0,75.0,-6.0
2025-10-19T03:00,7.1,0.0,3.1,3,100.0,75.0,-6.0
2025-10-19T04:00,7.0,0.0,3.0,3,100.0,75.0,-6.0
2025-10-19T05:00,6.9,0.0,2.9,3,100.0,75.0,-6.0
2025-10-19T06:00,6.8,0.0,2.9,3,100.0,75.0,-6.0
2025-10-19T07:00,6.3,0.0,2.4,3,100.0,80.0,-6.0
2025-10-19T08:00,6.7,0.0,3.0,3,100.0,80.0,-6.0
2025-10-19T09:00,7.5,0.0,4.2,3,100.0,80.0,-6.0
2025-10-19T10:00,8.8,0.0,5.8,3,100.0,77.0,-6.0
2025-10-19T11:00,10.3,0.0,7.6,3,100.0,73.0,-5.85
2025-10-19T12:00,12.0,0.0,9.6,3,98.0,70.0,-4.88
2025-10-19T13:00,12.5,0.0,10.5,3,95.0,70.0,-4.449999999999999
2025-10-19T14:00,13.9,0.0,12.0,3,97.0,67.0,-3.87
2025-10-19T15:00,14.3,0.0,12.4,3,100.0,67.0,-3.8499999999999996
2025-10-19T16:00,13.9,0.0,12.1,3,100.0,71.0,-4.050000000000001
2025-10-19T17:00,12.8,0.0,11.1,3,100.0,76.0,-4.6
2025-10-19T18:00,11.9,0.0,10.0,3,100.0,78.0,-5.05
2025-10-19T19:00,11.5,0.0,9.2,3,100.0,78.0,-5.25
2025-10-19T20:00,11.7,0.0,9.5,3,100.0,77.0,-5.15
2025-10-19T21:00,11.8,0.0,9.8,3,100.0,78.0,-5.1
2025-10-19T22:00,11.7,0.0,9.8,3,100.0,80.0,-5.15
2025-10-19T23:00,11.7,0.1,9.7,51,100.0,82.0,-5.19
2025-10-20T00:00,11.6,0.0,9.6,3,98.0,83.0,-5.08
2025-10-20T01:00,11.6,0.0,9.5,3,100.0,83.0,-5.2
2025-10-20T02:00,11.1,0.0,9.0,3,100.0,83.0,-5.45
2025-10-20T03:00,10.5,0.0,8.3,3,100.0,84.0,-5.75
2025-10-20T04:00,10.8,0.0,8.7,3,100.0,83.0,-5.6
2025-10-20T05:00,10.9,0.0,8.9,3,100.0,83.0,-5.549999999999999
2025-10-20T06:00,11.0,0.0,8.8,3,100.0,82.0,-5.5
2025-10-20T07:00,10.7,0.0,8.7,3,100.0,86.0,-5.65
2025-10-20T08:00,11.5,0.1,9.7,51,100.0,84.0,-5.29
2025-10-20T09:00,11.7,0.8,9.6,53,100.0,88.0,-5.47
2025-10-20T10:00,11.5,0.7,9.8,53,100.0,94.0,-5.529999999999999
2025-10-20T11:00,12.2,0.4,10.9,51,100.0,95.0,-5.0600000000000005
2025-10-20T12:00,12.9,0.5,12.1,53,100.0,96.0,-4.75
2025-10-20T13:00,13.4,0.3,12.8,51,100.0,95.0,-4.42
2025-10-20T14:00,13.8,0.7,13.6,53,100.0,96.0,-4.379999999999999
2025-10-20T15:00,14.3,0.1,14.0,51,100.0,93.0,-3.8900000000000006
2025-10-20T16:00,15.3,0.0,15.1,3,100.0,90.0,-3.3499999999999996
2025-10-20T17:00,14.3,0.0,14.0,3,100.0,94.0,-3.8499999999999996
2025-10-20T18:00,13.6,0.0,13.2,3,100.0,95.0,-4.199999999999999
2025-10-20T19:00,13.3,0.0,12.6,2,77.0,96.0,-2.969999999999999
2025-10-20T20:00,12.8,0.0,11.8,3,92.0,95.0,-4.119999999999999
2025-10-20T21:00,12.8,0.0,11.6,2,56.0,94.0,-1.959999999999999
2025-10-20T22:00,12.3,0.0,10.9,3,90.0,92.0,-4.249999999999999
2025-10-20T23:00,11.7,0.0,10.1,3,91.0,93.0,-4.610000000000001
2025-10-21T00:00,11.5,0.0,10.0,3,100.0,93.0,-5.25
2025-10-21T01:00,12.4,0.2,10.7,51,99.0,92.0,-4.82
2025-10-21T02:00,12.3,0.4,10.7,51,88.0,93.0,-4.289999999999999
2025-10-21T03:00,12.1,0.4,10.4,51,88.0,95.0,-4.390000000000001
2025-10-21T04:00,11.7,2.5,9.7,63,41.0,96.0,-2.6099999999999994
2025-10-21T05:00,11.7,0.1,9.6,51,55.0,96.0,-2.490000000000001
2025-10-21T06:00,11.8,0.1,9.7,51,100.0,94.0,-5.14
2025-10-21T07:00,12.2,0.0,10.4,1,38.0,95.0,-1.1799999999999997
2025-10-21T08:00,12.1,0.5,10.3,53,27.0,95.0,-0.7700000000000014
2025-10-21T09:00,13.1,0.0,11.1,0,16.0,91.0,0.5900000000000016
2025-10-21T10:00,14.3,0.0,12.4,3,97.0,82.0,-3.67
2025-10-21T11:00,15.3,0.0,12.9,3,100.0,74.0,-3.3499999999999996
2025-10-21T12:00,15.9,0.0,13.0,3,99.0,70.0,-2.9899999999999993
2025-10-21T13:00,15.1,0.3,12.3,51,74.0,72.0,-2.01
2025-10-21T14:00,15.5,0.1,13.8,51,53.0,74.0,-0.47000000000000064
2025-10-21T15:00,15.5,0.0,14.1,3,89.0,76.0,-2.589999999999999
2025-10-21T16:00,14.8,0.1,13.8,51,99.0,84.0,-3.5799999999999983
2025-10-21T17:00,13.7,0.1,12.4,51,95.0,91.0,-3.8900000000000006
2025-10-21T18:00,13.3,0.0,12.7,3,84.0,93.0,-3.3899999999999997
2025-10-21T19:00,12.8,0.0,12.2,3,98.0,94.0,-4.4799999999999995
2025-10-21T20:00,12.5,0.3,11.7,51,100.0,94.0,-4.87
2025-10-21T21:00,13.0,0.0,12.0,3,100.0,92.0,-4.5
2025-10-21T22:00,13.0,0.0,12.0,3,100.0,91.0,-4.5
2025-10-21T23:00,12.8,0.0,12.0,3,100.0,92.0,-4.6
2025-10-22T00:00,12.5,0.7,11.6,53,100.0,96.0,-5.029999999999999
2025-10-22T01:00,12.7,1.8,11.9,61,100.0,95.0,-5.37
2025-10-22T02:00,12.6,0.0,12.0,3,100.0,96.0,-4.699999999999999
2025-10-22T03:00,12.5,0.0,11.8,3,100.0,97.0,-4.75
2025-10-22T04:00,12.2,0.3,11.5,51,100.0,98.0,-5.02
2025-10-22T05:00,12.4,0.2,11.9,51,100.0,99.0,-4.88
2025-10-22T06:00,12.3,0.2,12.0,51,100.0,99.0,-4.93
2025-10-22T07:00,12.5,0.2,12.6,51,100.0,99.0,-4.83
2025-10-22T08:00,12.8,0.0,12.8,3,100.0,98.0,-4.6
2025-10-22T09:00,13.4,0.0,13.2,3,80.0,96.0,-3.1000000000000005
2025-10-22T10:00,14.7,0.0,14.6,3,88.0,91.0,-2.9300000000000006
2025-10-22T11:00,15.4,0.0,15.4,3,99.0,89.0,-3.2399999999999993
2025-10-22T12:00,15.4,0.0,14.5,3,100.0,82.0,-3.3
2025-10-22T13:00,14.6,0.1,14.2,51,100.0,89.0,-3.74
2025-10-22T14:00,14.7,0.2,14.5,51,100.0,89.0,-3.7300000000000004
2025-10-22T15:00,14.9,0.1,15.3,51,100.0,90.0,-3.59
2025-10-22T16:00,14.8,0.5,15.0,53,100.0,93.0,-3.799999999999999
2025-10-22T17:00,14.2,0.4,14.0,51,100.0,95.0,-4.0600000000000005
2025-10-22T18:00,14.0,0.0,13.6,3,100.0,95.0,-3.999999999999999
2025-10-22T19:00,13.9,0.1,13.6,51,98.0,96.0,-3.9700000000000006
2025-10-22T20:00,13.8,0.4,13.5,51,100.0,97.0,-4.26
2025-10-22T21:00,13.5,6.2,13.6,63,100.0,97.0,-6.73
2025-10-22T22:00,14.5,0.5,13.2,53,99.0,97.0,-3.8900000000000006
2025-10-22T23:00,14.4,0.0,13.6,3,99.0,98.0,-3.7399999999999984
2025-10-23T00:00,14.3,0.3,13.6,51,99.0,98.0,-3.91
2025-10-23T01:00,14.3,0.0,14.1,3,100.0,98.0,-3.8499999999999996
2025-10-23T02:00,14.0,0.1,13.6,51,100.0,98.0,-4.039999999999999
2025-10-23T03:00,14.1,0.5,13.5,53,100.0,96.0,-4.15
2025-10-23T04:00,14.7,0.8,13.1,53,100.0,93.0,-3.9700000000000006
2025-10-23T05:00,14.7,0.7,13.0,53,100.0,90.0,-3.9299999999999997
2025-10-23T06:00,13.9,0.4,12.9,51,100.0,95.0,-4.210000000000001
2025-10-23T07:00,14.6,2.1,13.6,61,100.0,92.0,-4.539999999999999
2025-10-23T08:00,14.7,2.1,12.2,61,100.0,96.0,-4.489999999999999
2025-10-23T09:00,14.5,2.1,13.0,61,100.0,97.0,-4.59
2025-10-23T10:00,14.5,0.4,13.3,51,95.0,92.0,-3.6099999999999994
2025-10-23T11:00,14.3,0.5,11.8,53,100.0,89.0,-4.050000000000001
2025-10-23T12:00,12.8,0.5,10.4,53,99.0,90.0,-4.74
2025-10-23T13:00,14.7,1.7,11.1,61,97.0,70.0,-4.1499999999999995
2025-10-23T14:00,13.1,0.9,9.7,53,28.0,74.0,-0.48999999999999844
2025-10-23T15:00,13.2,0.1,8.6,51,27.0,66.0,-0.0600000000000005
2025-10-23T16:00,13.1,0.0,8.1,2,55.0,64.0,-1.75
2025-10-23T17:00,11.9,0.0,6.8,3,100.0,67.0,-5.05
2025-10-23T18:00,10.9,0.2,6.1,51,100.0,77.0,-5.629999999999999
2025-10-23T19:00,11.0,0.3,6.8,51,100.0,84.0,-5.62
2025-10-23T20:00,11.3,0.1,7.1,51,86.0,81.0,-4.55
2025-10-23T21:00,11.2,0.1,7.0,51,100.0,79.0,-5.44
2025-10-23T22:00,10.5,1.6,6.4,61,74.0,82.0,-4.83
2025-10-23T23:00,9.9,1.5,6.1,61,98.0,82.0,-6.4799999999999995
2025-10-24T00:00,9.4,0.4,5.5,51,99.0,79.0,-6.1
2025-10-24T01:00,8.8,0.3,5.2,51,87.0,92.0,-5.34
2025-10-24T02:00,8.5,2.1,4.2,61,74.0,89.0,-5.279999999999999
2025-10-24T03:00,8.3,0.3,3.5,51,92.0,86.0,-5.64
2025-10-24T04:00,7.8,0.6,2.8,53,100.0,83.0,-6.24
2025-10-24T05:00,7.6,0.3,2.9,51,100.0,84.0,-6.12
2025-10-24T06:00,7.5,0.1,3.0,51,100.0,83.0,-6.04
2025-10-24T07:00,7.2,0.2,2.9,51,100.0,87.0,-6.08
2025-10-24T08:00,7.5,0.0,2.9,3,100.0,80.0,-6.0
2025-10-24T09:00,7.9,0.0,3.8,3,100.0,78.0,-6.0
2025-10-24T10:00,8.7,0.0,3.5,1,45.0,72.0,-2.7
2025-10-24T11:00,9.3,0.3,4.3,51,40.0,69.0,-2.5199999999999996
2025-10-24T12:00,10.1,0.4,4.8,51,45.0,63.0,-2.8099999999999987
2025-10-24T13:00,10.3,0.0,5.4,2,53.0,64.0,-3.0299999999999994
2025-10-24T14:00,10.7,0.0,5.7,3,95.0,59.0,-5.35
2025-10-24T15:00,10.8,0.0,6.2,2,52.0,57.0,-2.7200000000000006
2025-10-24T16:00,10.7,0.0,6.1,1,44.0,59.0,-2.29
2025-10-24T17:00,9.6,0.0,5.4,0,18.0,66.0,-1.08
2025-10-24T18:00,9.4,0.0,5.3,0,5.0,65.0,-0.3000000000000007
2025-10-24T19:00,9.1,0.0,4.8,1,25.0,65.0,-1.5
2025-10-24T20:00,8.8,0.0,4.6,3,100.0,65.0,-6.0
2025-10-24T21:00,9.0,0.0,4.7,3,100.0,65.0,-6.0
2025-10-24T22:00,8.7,0.0,4.6,3,100.0,67.0,-6.0
2025-10-24T23:00,8.7,0.0,4.7,3,100.0,70.0,-6.0
2025-10-25T00:00,8.5,0.0,4.7,3,100.0,75.0,-6.0
2025-10-25T01:00,8.3,0.0,4.9,3,100.0,88.0,-6.0
2025-10-25T02:00,8.1,0.5,4.9,53,100.0,91.0,-6.2
2025-10-25T03:00,8.2,0.3,4.7,51,97.0,94.0,-5.9399999999999995
2025-10-25T04:00,8.2,0.0,4.9,2,55.0,94.0,-3.3000000000000007
2025-10-25T05:00,8.0,0.0,4.9,3,84.0,93.0,-5.039999999999999
2025-10-25T06:00,7.9,0.3,4.7,51,100.0,93.0,-6.12
2025-10-25T07:00,7.9,0.2,5.0,51,86.0,96.0,-5.239999999999999
2025-10-25T08:00,8.3,0.9,5.1,53,91.0,93.0,-5.819999999999999
2025-10-25T09:00,9.1,0.5,6.1,53,83.0,93.0,-5.18
2025-10-25T10:00,10.2,0.1,7.1,51,98.0,89.0,-5.82
2025-10-25T11:00,10.7,0.9,7.8,53,64.0,87.0,-3.8499999999999996
2025-10-25T12:00,11.9,0.3,8.3,51,61.0,78.0,-2.829999999999999
2025-10-25T13:00,12.0,0.1,7.8,51,99.0,72.0,-4.98
2025-10-25T14:00,11.1,0.1,7.3,51,97.0,78.0,-5.31
2025-10-25T15:00,11.4,0.8,8.1,53,92.0,78.0,-5.14
2025-10-25T16:00,11.9,0.0,8.4,2,66.0,71.0,-3.01
2025-10-25T17:00,11.6,0.0,8.1,3,98.0,70.0,-5.08
2025-10-25T18:00,10.9,0.0,7.9,2,62.0,73.0,-3.2699999999999996
2025-10-25T19:00,10.1,0.0,7.6,2,76.0,81.0,-4.510000000000001
2025-10-25T20:00,8.8,3.8,6.9,63,77.0,92.0,-6.14
2025-10-25T21:00,8.8,1.1,6.7,55,90.0,93.0,-5.84
2025-10-25T22:00,8.4,0.3,6.1,51,97.0,92.0,-5.9399999999999995
2025-10-25T23:00,8.5,0.0,5.9,3,99.0,92.0,-5.9399999999999995
2025-10-26T00:00,8.4,0.3,5.5,51,97.0,93.0,-5.9399999999999995
2025-10-26T01:00,7.9,0.3,5.0,51,79.0,94.0,-4.859999999999999
2025-10-26T02:00,7.8,0.0,4.8,3,85.0,94.0,-5.1
2025-10-26T03:00,8.2,0.1,5.1,51,98.0,93.0,-5.92
2025-10-26T04:00,7.7,0.3,4.4,51,84.0,92.0,-5.159999999999999
2025-10-26T05:00,7.4,0.0,4.1,1,36.0,89.0,-2.16
2025-10-26T06:00,6.6,0.0,3.0,0,4.0,89.0,-0.2400000000000002
2025-10-26T07:00,5.8,0.0,2.3,1,32.0,88.0,-1.92
2025-10-26T08:00,5.9,0.0,2.1,0,13.0,86.0,-0.7799999999999994
2025-10-26T09:00,6.9,0.0,2.7,0,17.0,81.0,-1.0200000000000014
2025-10-26T10:00,8.1,0.2,2.7,51,100.0,72.0,-6.08
2025-10-26T11:00,9.1,0.0,4.2,3,100.0,67.0,-6.0
2025-10-26T12:00,9.1,0.0,4.1,3,100.0,67.0,-6.0
2025-10-26T13:00,9.4,0.0,4.6,3,93.0,64.0,-5.58
2025-10-26T14:00,9.9,0.0,5.3,3,93.0,59.0,-5.58
2025-10-26T15:00,9.9,0.0,4.8,3,100.0,53.0,-6.0
2025-10-26T16:00,9.5,0.0,5.4,3,90.0,58.0,-5.3999999999999995
2025-10-26T17:00,8.8,0.0,4.8,3,97.0,62.0,-5.819999999999999
2025-10-26T18:00,8.3,0.0,4.7,1,47.0,64.0,-2.8200000000000003
2025-10-26T19:00,7.7,0.0,4.1,1,46.0,67.0,-2.76
2025-10-26T20:00,7.2,0.0,3.3,3,85.0,69.0,-5.1
2025-10-26T21:00,6.9,0.1,3.1,51,100.0,73.0,-6.04
2025-10-26T22:00,7.3,0.0,3.1,3,100.0,71.0,-6.0
2025-10-26T23:00,7.3,0.1,2.8,51,100.0,73.0,-6.04
2025-10-27T00:00,7.0,0.2,2.4,51,100.0,78.0,-6.08
2025-10-27T01:00,6.8,0.3,2.2,51,100.0,83.0,-6.12
2025-10-27T02:00,7.2,0.2,2.9,51,100.0,83.0,-6.08
2025-10-27T03:00,7.3,0.3,2.8,51,100.0,86.0,-6.12
2025-10-27T04:00,6.6,1.0,1.8,55,100.0,95.0,-6.3999999999999995
2025-10-27T05:00,6.6,1.7,1.8,61,100.0,94.0,-6.68
2025-10-27T06:00,6.8,1.6,1.9,61,100.0,96.0,-6.64
2025-10-27T07:00,6.8,1.0,1.9,55,100.0,95.0,-6.3999999999999995
2025-10-27T08:00,7.2,1.1,2.6,55,100.0,96.0,-6.4399999999999995
2025-10-27T09:00,7.7,2.3,3.2,61,100.0,96.0,-6.92
2025-10-27T10:00,8.2,2.4,4.5,61,100.0,97.0,-6.959999999999999
2025-10-27T11:00,9.0,0.9,5.3,53,98.0,94.0,-6.239999999999999
2025-10-27T12:00,11.1,0.1,8.5,51,37.0,87.0,-1.7100000000000009
2025-10-27T13:00,11.3,0.2,7.4,51,50.0,72.0,-2.4299999999999997
2025-10-27T14:00,11.0,1.9,7.3,61,57.0,77.0,-3.679999999999999
2025-10-27T15:00,10.5,0.7,7.2,53,54.0,77.0,-3.2699999999999996
2025-10-27T16:00,11.3,0.0,7.7,1,48.0,69.0,-2.2299999999999995
2025-10-27T17:00,9.9,0.6,6.0,53,88.0,72.0,-5.52
2025-10-27T18:00,9.6,1.6,5.6,61,56.0,70.0,-4.0
2025-10-27T19:00,9.2,0.1,6.3,51,52.0,78.0,-3.16
2025-10-27T20:00,8.2,0.5,5.4,53,69.0,87.0,-4.34
2025-10-27T21:00,8.2,0.2,5.3,51,55.0,89.0,-3.380000000000001
2025-10-27T22:00,7.8,0.4,4.8,51,49.0,90.0,-3.1000000000000005
2025-10-27T23:00,7.7,0.3,4.4,51,44.0,89.0,-2.76
2025-10-28T00:00,7.5,0.0,4.3,0,17.0,89.0,-1.0200000000000014
2025-10-28T01:00,8.2,0.0,5.2,2,60.0,84.0,-3.5999999999999996
2025-10-28T02:00,8.3,0.2,5.0,51,62.0,85.0,-3.8
2025-10-28T03:00,8.4,0.0,5.2,1,46.0,87.0,-2.76
2025-10-28T04:00,7.9,0.0,4.7,2,54.0,89.0,-3.24
2025-10-28T05:00,7.9,0.0,4.8,3,100.0,90.0,-6.0
2025-10-28T06:00,8.9,0.1,5.9,51,100.0,87.0,-6.04
2025-10-28T07:00,9.6,0.5,6.7,53,100.0,85.0,-6.2
2025-10-28T08:00,9.5,0.5,5.9,53,100.0,89.0,-6.2
2025-10-28T09:00,10.1,0.0,6.3,3,100.0,87.0,-5.949999999999999
2025-10-28T10:00,10.9,0.0,7.4,3,100.0,83.0,-5.549999999999999
2025-10-28T11:00,11.3,0.1,7.7,51,100.0,83.0,-5.389999999999999
2025-10-28T12:00,11.4,0.5,7.9,53,100.0,88.0,-5.5
2025-10-28T13:00,12.4,0.0,8.4,3,95.0,83.0,-4.5
2025-10-28T14:00,13.1,0.0,9.9,3,98.0,79.0,-4.33
2025-10-28T15:00,13.4,0.0,10.1,3,100.0,75.0,-4.299999999999999
2025-10-28T16:00,13.1,0.0,9.6,3,100.0,73.0,-4.450000000000001
2025-10-28T17:00,12.8,0.0,9.3,3,99.0,74.0,-4.539999999999999
2025-10-28T18:00,12.8,0.0,9.3,2,55.0,75.0,-1.8999999999999986
2025-10-28T19:00,12.6,0.0,9.0,3,100.0,74.0,-4.699999999999999
2025-10-28T20:00,12.6,0.0,9.1,1,42.0,76.0,-1.2200000000000006
2025-10-28T21:00,11.9,0.0,9.0,1,42.0,79.0,-1.5699999999999985
2025-10-28T22:00,11.5,0.0,8.8,1,45.0,83.0,-1.9499999999999993
2025-10-28T23:00,11.4,0.0,8.8,3,80.0,85.0,-4.1
2025-10-29T00:00,11.4,0.0,9.1,3,95.0,86.0,-4.999999999999999
2025-10-29T01:00,11.2,0.0,9.2,2,54.0,86.0,-2.6400000000000006
2025-10-29T02:00,10.5,0.0,8.6,0,3.0,90.0,0.07000000000000028
2025-10-29T03:00,9.7,0.0,7.9,1,30.0,93.0,-1.799999999999999
2025-10-29T04:00,9.7,0.0,8.2,3,100.0,93.0,-6.0
2025-10-29T05:00,10.1,0.1,8.8,51,54.0,92.0,-3.2299999999999995
2025-10-29T06:00,9.4,0.0,8.0,1,46.0,93.0,-2.76
2025-10-29T07:00,9.6,0.0,8.5,3,98.0,92.0,-5.88
2025-10-29T08:00,10.7,0.0,9.6,3,95.0,90.0,-5.35
2025-10-29T09:00,11.6,0.0,10.5,3,93.0,87.0,-4.779999999999999
2025-10-29T10:00,12.6,0.0,11.7,1,28.0,83.0,-0.3800000000000008
2025-10-29T11:00,14.6,0.0,13.8,1,48.0,76.0,-0.5800000000000001
2025-10-29T12:00,16.1,0.0,14.7,3,100.0,66.0,-2.9499999999999993
2025-10-29T13:00,15.9,0.0,14.5,3,100.0,66.0,-3.049999999999999
2025-10-29T14:00,16.1,0.0,14.9,3,100.0,67.0,-2.9499999999999993
2025-10-29T15:00,15.6,0.0,14.3,3,100.0,71.0,-3.200000000000001
2025-10-29T16:00,14.8,0.0,13.5,3,100.0,76.0,-3.5999999999999988
2025-10-29T17:00,13.7,0.0,12.1,3,100.0,78.0,-4.15
2025-10-29T18:00,13.4,0.0,11.5,3,100.0,78.0,-4.299999999999999
2025-10-29T19:00,13.6,0.0,11.8,3,100.0,79.0,-4.199999999999999
2025-10-29T20:00,13.5,0.0,11.9,3,100.0,77.0,-4.25
2025-10-29T21:00,13.2,0.0,11.6,3,100.0,78.0,-4.3999999999999995
2025-10-29T22:00,12.9,0.2,11.2,51,100.0,78.0,-4.63
2025-10-29T23:00,12.4,0.4,10.6,51,100.0,80.0,-4.96
2025-10-30T00:00,11.7,0.6,9.7,53,100.0,86.0,-5.390000000000001
2025-10-30T01:00,11.6,0.3,9.3,51,100.0,91.0,-5.32
2025-10-30T02:00,12.0,0.4,9.5,51,98.0,93.0,-5.04
2025-10-30T03:00,12.2,0.9,9.4,53,100.0,95.0,-5.26
2025-10-30T04:00,12.2,0.9,9.7,53,100.0,96.0,-5.26
2025-10-30T05:00,12.3,0.1,10.2,51,95.0,95.0,-4.589999999999998
2025-10-30T06:00,11.7,0.1,9.4,51,79.0,93.0,-3.9299999999999997
2025-10-30T07:00,10.6,0.1,7.9,51,38.0,91.0,-2.0199999999999996
2025-10-30T08:00,10.5,0.1,8.0,51,11.0,91.0,-0.4499999999999993
2025-10-30T09:00,11.3,0.0,8.6,0,0.0,86.0,0.6499999999999986
2025-10-30T10:00,11.8,0.0,8.7,0,7.0,75.0,0.4800000000000004
2025-10-30T11:00,12.2,0.0,9.2,0,8.0,68.0,0.620000000000001
2025-10-30T12:00,12.8,0.0,10.0,0,1.0,65.0,1.3399999999999999
2025-10-30T13:00,13.1,0.0,10.5,0,2.0,61.0,1.429999999999998
2025-10-30T14:00,13.4,0.0,10.6,1,27.0,59.0,0.08000000000000007
2025-10-30T15:00,13.4,0.0,10.5,1,46.0,57.0,-1.0600000000000005
2025-10-30T16:00,12.9,0.0,10.7,0,11.0,62.0,0.7900000000000027
2025-10-30T17:00,10.9,0.0,9.2,0,1.0,72.0,0.39000000000000057
2025-10-30T18:00,9.8,0.0,8.0,0,17.0,74.0,-1.0200000000000014
2025-10-30T19:00,9.4,0.0,8.0,3,100.0,73.0,-6.0
2025-10-30T20:00,8.1,0.0,6.4,3,100.0,78.0,-6.0
2025-10-30T21:00,7.9,0.0,5.9,3,100.0,80.0,-6.0
2025-10-30T22:00,6.9,0.0,4.4,3,100.0,85.0,-6.0
2025-10-30T23:00,6.5,0.0,3.7,3,100.0,86.0,-6.0
2025-10-31T00:00,6.5,0.0,3.7,3,100.0,85.0,-6.0
2025-10-31T01:00,6.2,0.0,3.3,3,100.0,85.0,-6.0
2025-10-31T02:00,6.0,0.0,3.0,3,100.0,84.0,-6.0
2025-10-31T03:00,5.9,0.0,2.7,3,100.0,83.0,-6.0
2025-10-31T04:00,6.1,0.0,2.5,3,99.0,81.0,-5.9399999999999995
2025-10-31T05:00,6.0,0.0,2.5,3,99.0,81.0,-5.9399999999999995
2025-10-31T06:00,5.3,0.0,2.2,3,100.0,85.0,-6.0
2025-10-31T07:00,4.5,0.0,1.2,3,99.0,87.0,-5.9399999999999995
2025-10-31T08:00,4.8,0.0,1.6,3,100.0,86.0,-6.0
2025-10-31T09:00,6.7,0.0,3.8,3,100.0,81.0,-6.0
2025-10-31T10:00,8.5,0.0,6.0,3,100.0,78.0,-6.0
2025-10-31T11:00,9.8,0.0,7.7,3,100.0,77.0,-6.0
2025-10-31T12:00,11.0,0.0,9.3,3,100.0,76.0,-5.5
2025-10-31T13:00,11.9,0.0,10.5,3,100.0,77.0,-5.05
2025-10-31T14:00,12.3,0.0,11.0,3,100.0,77.0,-4.85
2025-10-31T15:00,12.8,0.0,11.5,3,100.0,77.0,-4.6
2025-10-31T16:00,12.3,0.0,11.1,3,100.0,81.0,-4.85
2025-10-31T17:00,10.8,0.0,9.2,3,100.0,87.0,-5.6
2025-10-31T18:00,10.3,0.0,8.6,3,100.0,87.0,-5.85
2025-10-31T19:00,9.9,0.0,8.1,3,100.0,90.0,-6.0
2025-10-31T20:00,9.9,0.0,8.1,3,100.0,89.0,-6.0
2025-10-31T21:00,10.7,0.0,8.9,3,98.0,87.0,-5.53
2025-10-31T22:00,11.2,0.0,9.7,3,88.0,86.0,-4.68
2025-10-31T23:00,11.0,0.0,9.6,0,15.0,87.0,-0.3999999999999986
2025-11-01T00:00,10.3,0.0,8.6,0,3.0,88.0,-0.02999999999999936
2025-11-01T01:00,9.1,0.0,7.1,0,0.0,89.0,0.0
2025-11-01T02:00,8.4,0.0,6.2,0,5.0,92.0,-0.3000000000000007
2025-11-01T03:00,8.4,0.0,6.1,0,6.0,93.0,-0.35999999999999943
2025-11-01T04:00,8.2,0.0,6.1,1,49.0,94.0,-2.9400000000000004
2025-11-01T05:00,8.1,0.0,6.0,3,99.0,95.0,-5.9399999999999995
2025-11-01T06:00,8.4,0.0,6.2,3,98.0,94.0,-5.88
2025-11-01T07:00,8.5,0.0,6.4,3,99.0,93.0,-5.9399999999999995
2025-11-01T08:00,9.1,0.0,6.9,3,100.0,90.0,-6.0
2025-11-01T09:00,10.5,0.0,8.7,3,100.0,86.0,-5.75
2025-11-01T10:00,12.3,0.0,10.8,3,99.0,81.0,-4.79
2025-11-01T11:00,15.3,0.0,14.7,3,100.0,75.0,-3.3499999999999996
2025-11-01T12:00,15.7,0.0,15.2,3,100.0,74.0,-3.1499999999999995
2025-11-01T13:00,16.2,0.0,15.9,3,100.0,74.0,-2.9000000000000004
2025-11-01T14:00,16.0,0.0,15.3,3,100.0,73.0,-3.0
2025-11-01T15:00,15.5,0.2,14.7,51,100.0,77.0,-3.33
2025-11-01T16:00,15.4,0.0,14.7,3,100.0,79.0,-3.3
2025-11-01T17:00,15.0,0.1,13.8,51,100.0,81.0,-3.54
2025-11-01T18:00,14.0,0.5,12.8,53,100.0,89.0,-4.199999999999999
2025-11-01T19:00,13.1,0.8,12.6,53,100.0,94.0,-4.77
2025-11-01T20:00,12.7,0.1,12.3,51,100.0,97.0,-4.690000000000001
2025-11-01T21:00,12.6,0.2,12.1,51,100.0,97.0,-4.779999999999999
2025-11-01T22:00,12.6,0.1,11.8,51,100.0,96.0,-4.74
2025-11-01T23:00,12.2,0.0,11.2,3,100.0,96.0,-4.9
2025-11-02T00:00,11.9,0.1,11.3,51,100.0,97.0,-5.09
2025-11-02T01:00,11.5,0.7,10.6,53,100.0,98.0,-5.529999999999999
2025-11-02T02:00,11.5,0.2,10.7,51,100.0,98.0,-5.33
2025-11-02T03:00,11.4,0.0,10.3,3,100.0,98.0,-5.3
2025-11-02T04:00,11.0,0.0,10.0,3,100.0,98.0,-5.5
2025-11-02T05:00,11.0,0.0,9.9,3,100.0,98.0,-5.5
2025-11-02T06:00,10.6,0.0,9.5,3,100.0,98.0,-5.7
2025-11-02T07:00,10.4,0.1,9.1,51,100.0,98.0,-5.84
2025-11-02T08:00,10.5,0.0,9.1,3,100.0,97.0,-5.75
2025-11-02T09:00,10.9,0.1,9.4,51,100.0,96.0,-5.59
2025-11-02T10:00,11.3,0.0,10.2,3,100.0,96.0,-5.35
2025-11-02T11:00,12.4,0.0,11.2,3,100.0,92.0,-4.8
2025-11-02T12:00,13.3,0.1,12.3,51,100.0,89.0,-4.39
2025-11-02T13:00,13.0,1.2,11.7,55,100.0,87.0,-4.98
2025-11-02T14:00,12.5,0.7,10.7,53,100.0,84.0,-5.029999999999999
2025-11-02T15:00,11.3,0.6,9.3,53,100.0,94.0,-5.59
2025-11-02T16:00,10.7,1.1,8.8,55,100.0,92.0,-6.09
2025-11-02T17:00,10.0,0.5,8.1,53,100.0,98.0,-6.2
2025-11-02T18:00,10.3,0.4,8.1,51,100.0,94.0,-6.01
2025-11-02T19:00,10.4,0.4,8.4,51,100.0,95.0,-5.96
2025-11-02T20:00,10.1,0.2,7.8,51,74.0,95.0,-4.470000000000001
2025-11-02T21:00,9.2,0.0,6.8,1,23.0,95.0,-1.3800000000000008
2025-11-02T22:00,8.6,0.2,6.0,51,38.0,95.0,-2.3599999999999994
2025-11-02T23:00,8.2,0.5,5.5,53,53.0,94.0,-3.380000000000001
2025-11-03T00:00,8.1,0.0,5.6,2,66.0,96.0,-3.96
2025-11-03T01:00,7.9,0.0,5.6,0,18.0,96.0,-1.08
2025-11-03T02:00,7.7,0.0,5.5,0,19.0,98.0,-1.1400000000000006
2025-11-03T03:00,7.3,0.0,5.2,0,17.0,97.0,-1.0200000000000014
2025-11-03T04:00,6.7,0.0,4.8,0,19.0,98.0,-1.1400000000000006
2025-11-03T05:00,6.5,0.0,4.2,0,9.0,98.0,-0.5399999999999991
2025-11-03T06:00,6.2,0.0,3.8,0,9.0,98.0,-0.5399999999999991
2025-11-03T07:00,6.1,0.0,3.8,0,3.0,97.0,-0.17999999999999972
2025-11-03T08:00,6.2,0.0,3.8,1,26.0,97.0,-1.5599999999999987
2025-11-03T09:00,7.6,0.0,4.9,2,50.0,93.0,-3.0
2025-11-03T10:00,8.9,0.0,6.1,2,72.0,88.0,-4.319999999999999
2025-11-03T11:00,10.1,0.0,6.8,3,100.0,82.0,-5.949999999999999
2025-11-03T12:00,11.3,0.1,8.0,51,100.0,75.0,-5.389999999999999
2025-11-03T13:00,11.1,0.0,8.2,3,93.0,80.0,-5.03
2025-11-03T14:00,12.3,0.0,9.1,3,81.0,69.0,-3.71
2025-11-03T15:00,12.3,0.0,9.8,3,98.0,69.0,-4.729999999999999
2025-11-03T16:00,12.0,0.0,9.9,1,48.0,71.0,-1.879999999999999
2025-11-03T17:00,10.8,0.0,8.9,1,35.0,76.0,-1.6999999999999993
2025-11-03T18:00,10.2,0.0,8.3,1,23.0,78.0,-1.2800000000000011
2025-11-03T19:00,10.3,0.0,8.7,0,14.0,81.0,-0.6899999999999995
2025-11-03T20:00,9.5,0.0,7.7,1,20.0,84.0,-1.1999999999999993
2025-11-03T21:00,9.1,0.0,7.2,1,27.0,86.0,-1.6199999999999992
2025-11-03T22:00,8.9,0.0,6.8,3,88.0,88.0,-5.279999999999999
2025-11-03T23:00,9.2,0.0,7.0,2,73.0,86.0,-4.379999999999999
2025-11-04T00:00,9.2,0.0,7.2,1,49.0,86.0,-2.9400000000000004
2025-11-04T01:00,9.5,0.1,7.6,51,86.0,87.0,-5.199999999999999
2025-11-04T02:00,9.5,0.0,7.8,2,51.0,87.0,-3.0600000000000005
2025-11-04T03:00,9.0,0.0,7.4,2,75.0,88.0,-4.5
2025-11-04T04:00,8.2,0.0,6.4,0,3.0,89.0,-0.17999999999999972
2025-11-04T05:00,7.4,0.0,5.5,0,4.0,91.0,-0.2400000000000002
2025-11-04T06:00,6.8,0.0,4.7,2,66.0,92.0,-3.96
2025-11-04T07:00,6.0,0.0,3.6,2,63.0,94.0,-3.7800000000000002
2025-11-04T08:00,5.8,0.0,3.3,1,25.0,94.0,-1.5
2025-11-04T09:00,7.6,0.0,5.3,1,44.0,91.0,-2.6400000000000006
2025-11-04T10:00,9.8,0.0,7.9,3,100.0,83.0,-6.0
2025-11-04T11:00,11.5,0.0,10.0,3,98.0,76.0,-5.13
2025-11-04T12:00,13.1,0.0,11.5,2,72.0,71.0,-2.7700000000000005
2025-11-04T13:00,14.6,0.0,12.7,3,97.0,65.0,-3.5199999999999996
2025-11-04T14:00,15.2,0.0,13.5,3,88.0,64.0,-2.6799999999999997
2025-11-04T15:00,15.1,0.0,13.6,3,98.0,66.0,-3.33
2025-11-04T16:00,13.9,0.0,12.8,3,95.0,74.0,-3.75
2025-11-04T17:00,11.9,0.0,10.4,3,100.0,79.0,-5.05
2025-11-04T18:00,10.9,0.0,9.0,3,85.0,80.0,-4.6499999999999995
2025-11-04T19:00,10.7,0.0,8.5,3,95.0,80.0,-5.35
2025-11-04T20:00,9.9,0.0,7.7,3,100.0,81.0,-6.0
2025-11-04T21:00,9.1,0.0,6.7,3,84.0,83.0,-5.039999999999999
2025-11-04T22:00,8.5,0.0,5.8,3,96.0,83.0,-5.76
2025-11-04T23:00,7.7,0.0,5.1,3,100.0,85.0,-6.0
2025-11-05T00:00,7.1,0.0,4.7,3,82.0,86.0,-4.92
2025-11-05T01:00,5.9,0.0,3.4,0,3.0,89.0,-0.17999999999999972
2025-11-05T02:00,5.4,0.0,2.7,2,61.0,90.0,-3.66
2025-11-05T03:00,5.2,0.0,2.4,3,100.0,91.0,-6.0
2025-11-05T04:00,4.8,0.0,2.1,3,98.0,92.0,-5.88
2025-11-05T05:00,4.4,0.0,1.9,3,98.0,92.0,-5.88
2025-11-05T06:00,3.8,0.0,1.4,3,98.0,94.0,-5.88
2025-11-05T07:00,3.4,0.0,0.7,3,98.0,94.0,-5.88
2025-11-05T08:00,3.5,0.0,0.8,3,100.0,93.0,-6.0
2025-11-05T09:00,5.9,0.0,3.6,3,100.0,87.0,-6.0
2025-11-05T10:00,8.6,0.0,7.2,3,99.0,80.0,-5.9399999999999995
2025-11-05T11:00,10.0,0.0,8.6,3,100.0,78.0,-6.0
2025-11-05T12:00,11.6,0.0,10.1,3,100.0,74.0,-5.2
2025-11-05T13:00,13.8,0.0,12.2,3,100.0,67.0,-4.1
2025-11-05T14:00,14.6,0.0,13.4,3,100.0,65.0,-3.7
2025-11-05T15:00,14.7,0.0,13.9,3,100.0,67.0,-3.6500000000000004
2025-11-05T16:00,13.4,0.0,13.0,3,99.0,74.0,-4.239999999999999
2025-11-05T17:00,11.1,0.0,10.0,0,0.0,80.0,0.5499999999999989
2025-11-05T18:00,9.7,0.0,8.2,0,0.0,86.0,0.0
2025-11-05T19:00,9.2,0.0,7.1,0,0.0,84.0,0.0
2025-11-05T20:00,9.2,0.0,6.9,0,0.0,83.0,0.0
2025-11-05T21:00,8.5,0.0,6.1,0,0.0,85.0,0.0
2025-11-05T22:00,7.6,0.0,5.0,0,0.0,87.0,0.0
2025-11-05T23:00,6.6,0.0,4.3,0,2.0,89.0,-0.120000000000001
2025-11-06T00:00,5.8,0.0,3.4,0,2.0,90.0,-0.120000000000001
2025-11-06T01:00,5.0,0.0,2.4,0,0.0,93.0,0.0
2025-11-06T02:00,3.7,0.0,1.2,0,0.0,95.0,0.0
2025-11-06T03:00,3.2,0.0,0.8,0,0.0,96.0,0.0
2025-11-06T04:00,2.8,0.0,0.3,0,0.0,96.0,0.0
2025-11-06T05:00,2.4,0.0,0.2,1,32.0,97.0,-1.92
2025-11-06T06:00,2.4,0.0,0.4,3,90.0,97.0,-5.3999999999999995
2025-11-06T07:00,2.3,0.0,0.2,2,78.0,96.0,-4.68
2025-11-06T08:00,2.1,0.0,-0.3,2,53.0,96.0,-3.1800000000000006
2025-11-06T09:00,4.4,0.0,2.3,1,20.0,91.0,-1.1999999999999993
2025-11-06T10:00,6.2,0.0,4.4,0,2.0,87.0,-0.120000000000001
2025-11-06T11:00,7.7,0.0,6.0,0,7.0,84.0,-0.41999999999999993
2025-11-06T12:00,8.9,0.0,7.4,0,9.0,80.0,-0.5399999999999991
2025-11-06T13:00,10.2,0.0,8.7,3,93.0,80.0,-5.48
2025-11-06T14:00,10.8,0.0,9.4,3,80.0,79.0,-4.3999999999999995
2025-11-06T15:00,10.9,0.0,9.5,2,75.0,79.0,-4.050000000000001
2025-11-06T16:00,10.1,0.0,8.8,3,84.0,84.0,-4.99
2025-11-06T17:00,8.2,0.0,6.5,1,38.0,89.0,-2.2799999999999994
2025-11-06T18:00,7.2,0.0,5.2,0,0.0,91.0,0.0
2025-11-06T19:00,5.8,0.0,3.5,0,0.0,94.0,0.0
2025-11-06T20:00,4.9,0.0,2.5,0,1.0,94.0,-0.0600000000000005
2025-11-06T21:00,4.2,0.0,1.5,0,5.0,94.0,-0.3000000000000007
2025-11-06T22:00,3.7,0.0,1.0,0,4.0,94.0,-0.2400000000000002
2025-11-06T23:00,3.2,0.0,0.8,0,1.0,96.0,-0.0600000000000005
2025-11-07T00:00,2.8,0.0,0.4,0,1.0,97.0,-0.0600000000000005
2025-11-07T01:00,2.5,0.0,0.2,1,44.0,95.0,-2.6400000000000006
2025-11-07T02:00,2.0,0.0,-0.4,3,91.0,95.0,-5.46
2025-11-07T03:00,2.6,0.0,0.3,3,95.0,96.0,-5.699999999999999
2025-11-07T04:00,3.0,0.0,0.9,3,100.0,97.0,-6.0
2025-11-07T05:00,3.1,0.0,0.9,3,100.0,99.0,-6.0
2025-11-07T06:00,3.0,0.0,0.6,3,100.0,98.0,-6.0
2025-11-07T07:00,2.7,0.0,0.2,3,100.0,97.0,-6.0
2025-11-07T08:00,2.8,0.0,0.2,3,100.0,98.0,-6.0
2025-11-07T09:00,3.1,0.0,0.5,3,100.0,97.0,-6.0
2025-11-07T10:00,4.1,0.0,1.6,3,100.0,94.0,-6.0
2025-11-07T11:00,5.4,0.0,3.2,3,100.0,88.0,-6.0
2025-11-07T12:00,6.4,0.0,4.3,3,99.0,84.0,-5.9399999999999995
2025-11-07T13:00,4.9,0.0,2.4,3,94.0,83.0,-5.64
2025-11-07T14:00,5.7,0.0,3.3,2,77.0,81.0,-4.619999999999999
2025-11-07T15:00,5.9,0.0,3.6,0,10.0,81.0,-0.5999999999999996
2025-11-07T16:00,5.7,0.0,3.4,0,0.0,84.0,0.0
2025-11-07T17:00,3.9,0.0,1.8,0,1.0,91.0,-0.0600000000000005
2025-11-07T18:00,3.2,0.0,1.1,0,1.0,92.0,-0.0600000000000005
2025-11-07T19:00,4.0,0.0,1.9,3,98.0,95.0,-5.88
2025-11-07T20:00,3.9,0.0,1.7,1,47.0,93.0,-2.8200000000000003
2025-11-07T21:00,3.5,0.0,1.3,1,45.0,94.0,-2.7
2025-11-07T22:00,3.6,0.0,1.6,2,69.0,94.0,-4.139999999999999
2025-11-07T23:00,4.1,0.0,2.0,3,80.0,93.0,-4.8
2025-11-08T00:00,3.8,0.0,1.6,2,69.0,94.0,-4.139999999999999
2025-11-08T01:00,3.0,0.0,1.0,3,100.0,96.0,-6.0
2025-11-08T02:00,3.5,0.0,1.6,3,100.0,95.0,-6.0
2025-11-08T03:00,3.7,0.0,1.8,3,100.0,95.0,-6.0
2025-11-08T04:00,3.8,0.0,1.7,3,100.0,97.0,-6.0
2025-11-08T05:00,3.8,0.0,1.6,3,100.0,98.0,-6.0
2025-11-08T06:00,3.7,0.0,1.4,3,100.0,99.0,-6.0
2025-11-08T07:00,3.8,0.0,1.5,3,100.0,99.0,-6.0
2025-11-08T08:00,3.7,0.0,1.5,3,100.0,99.0,-6.0
2025-11-08T09:00,3.8,0.0,1.7,3,100.0,99.0,-6.0
2025-11-08T10:00,4.3,0.0,2.2,3,100.0,96.0,-6.0
2025-11-08T11:00,5.1,0.0,3.1,3,100.0,92.0,-6.0
2025-11-08T12:00,5.9,0.0,3.9,3,100.0,89.0,-6.0
2025-11-08T13:00,5.6,0.0,3.5,3,100.0,87.0,-6.0
2025-11-08T14:00,6.0,0.0,4.0,3,100.0,86.0,-6.0
2025-11-08T15:00,6.3,0.0,4.3,3,100.0,86.0,-6.0
2025-11-08T16:00,6.1,0.0,4.2,3,100.0,87.0,-6.0
2025-11-08T17:00,5.4,0.0,3.9,3,100.0,91.0,-6.0
2025-11-08T18:00,5.4,0.0,3.5,3,94.0,91.0,-5.64
2025-11-08T19:00,5.4,0.0,3.6,3,97.0,94.0,-5.819999999999999
2025-11-08T20:00,5.3,0.0,3.3,3,96.0,95.0,-5.76
2025-11-08T21:00,5.6,0.0,3.5,3,99.0,94.0,-5.9399999999999995
2025-11-08T22:00,5.8,0.0,3.5,3,100.0,94.0,-6.0
2025-11-08T23:00,5.8,0.0,3.5,3,100.0,95.0,-6.0
2025-11-09T00:00,5.8,0.1,3.8,51,100.0,97.0,-6.04
2025-11-09T01:00,6.3,0.4,4.3,51,100.0,98.0,-6.16
2025-11-09T02:00,6.3,0.1,4.3,51,100.0,99.0,-6.04
2025-11-09T03:00,6.4,0.4,4.4,51,100.0,99.0,-6.16
2025-11-09T04:00,6.4,0.2,4.6,51,99.0,99.0,-6.02
2025-11-09T05:00,6.5,0.4,4.7,51,100.0,99.0,-6.16
2025-11-09T06:00,6.5,0.5,4.7,53,100.0,99.0,-6.2
2025-11-09T07:00,7.1,0.0,5.2,3,100.0,99.0,-6.0
2025-11-09T08:00,7.2,0.0,5.5,3,100.0,99.0,-6.0
2025-11-09T09:00,7.4,0.5,5.7,53,100.0,99.0,-6.2
2025-11-09T10:00,7.8,0.4,6.1,51,100.0,99.0,-6.16
2025-11-09T11:00,7.8,0.5,6.1,53,100.0,100.0,-6.2
2025-11-09T12:00,8.0,0.5,6.2,53,100.0,99.0,-6.2
2025-11-09T13:00,8.2,0.1,7.2,51,100.0,99.0,-6.04
2025-11-09T14:00,8.7,0.4,7.6,51,100.0,98.0,-6.16
2025-11-09T15:00,8.9,0.3,7.7,51,100.0,99.0,-6.12
2025-11-09T16:00,9.1,0.1,8.1,51,100.0,99.0,-6.04
2025-11-09T17:00,8.8,0.1,7.8,51,100.0,99.0,-6.04
2025-11-09T18:00,8.6,0.1,7.7,51,100.0,99.0,-6.04
2025-11-09T19:00,8.9,0.2,7.5,51,100.0,90.0,-6.08
2025-11-09T20:00,8.8,0.1,7.8,51,100.0,98.0,-6.04
2025-11-09T21:00,8.4,0.0,7.4,3,98.0,99.0,-5.88
2025-11-09T22:00,7.9,0.0,6.8,3,100.0,99.0,-6.0
2025-11-09T23:00,7.7,0.0,6.5,3,95.0,99.0,-5.699999999999999
2025-11-10T00:00,7.2,0.0,5.7,3,95.0,99.0,-5.699999999999999
2025-11-10T01:00,7.1,0.0,5.6,3,100.0,100.0,-6.0
2025-11-10T02:00,7.2,0.0,5.8,3,100.0,100.0,-6.0
2025-11-10T03:00,6.9,0.0,5.4,3,100.0,99.0,-6.0
2025-11-10T04:00,6.8,0.0,5.3,3,100.0,100.0,-6.0
2025-11-10T05:00,6.7,0.0,5.3,3,100.0,100.0,-6.0
2025-11-10T06:00,6.5,0.0,5.0,3,100.0,100.0,-6.0
2025-11-10T07:00,6.5,0.0,4.9,3,100.0,100.0,-6.0
2025-11-10T08:00,6.5,0.0,4.5,3,100.0,100.0,-6.0
2025-11-10T09:00,6.7,0.0,5.0,3,100.0,98.0,-6.0
2025-11-10T10:00,6.9,0.0,5.4,3,100.0,98.0,-6.0
2025-11-10T11:00,7.4,0.0,5.8,3,100.0,98.0,-6.0
2025-11-10T12:00,8.7,0.0,7.3,3,100.0,92.0,-6.0
2025-11-10T13:00,10.0,0.0,8.9,3,100.0,89.0,-6.0
2025-11-10T14:00,10.1,0.0,9.1,3,100.0,88.0,-5.949999999999999
2025-11-10T15:00,9.8,0.0,8.6,3,99.0,91.0,-5.9399999999999995
2025-11-10T16:00,8.9,0.0,7.6,3,99.0,95.0,-5.9399999999999995
2025-11-10T17:00,7.0,0.0,6.1,3,100.0,100.0,-6.0
2025-11-10T18:00,6.1,0.0,4.6,3,100.0,100.0,-6.0
2025-11-10T19:00,6.2,0.0,4.7,3,100.0,100.0,-6.0
2025-11-10T20:00,6.7,0.0,5.0,3,100.0,98.0,-6.0
2025-11-10T21:00,6.4,0.0,4.6,3,100.0,99.0,-6.0
2025-11-10T22:00,6.3,0.0,4.4,3,100.0,100.0,-6.0
2025-11-10T23:00,6.5,0.0,4.7,3,100.0,100.0,-6.0
2025-11-11T00:00,6.5,0.0,4.4,3,100.0,100.0,-6.0
2025-11-11T01:00,6.2,0.0,3.9,3,100.0,100.0,-6.0
2025-11-11T02:00,6.8,0.0,4.6,3,100.0,97.0,-6.0
2025-11-11T03:00,7.6,0.0,5.4,3,98.0,94.0,-5.88
2025-11-11T04:00,7.8,0.0,5.4,3,98.0,94.0,-5.88
2025-11-11T05:00,7.5,0.0,5.1,3,98.0,95.0,-5.88
2025-11-11T06:00,7.4,0.0,5.3,3,100.0,95.0,-6.0
2025-11-11T07:00,7.1,0.1,5.4,51,100.0,96.0,-6.04
2025-11-11T08:00,8.0,0.1,6.1,51,100.0,95.0,-6.04
2025-11-11T09:00,8.3,0.0,6.3,3,97.0,94.0,-5.819999999999999
2025-11-11T10:00,9.7,0.0,8.0,3,97.0,91.0,-5.819999999999999
2025-11-11T11:00,11.0,0.0,9.6,3,100.0,87.0,-5.5
2025-11-11T12:00,12.0,0.0,9.8,3,98.0,78.0,-4.88
2025-11-11T13:00,12.7,0.0,10.6,3,98.0,73.0,-4.530000000000001
2025-11-11T14:00,13.3,0.0,11.5,3,100.0,70.0,-4.35
2025-11-11T15:00,13.4,0.0,11.8,3,96.0,70.0,-4.059999999999999
2025-11-11T16:00,12.4,0.0,11.0,3,100.0,76.0,-4.8
2025-11-11T17:00,10.4,0.0,8.7,3,90.0,84.0,-5.199999999999999
2025-11-11T18:00,9.5,0.0,7.7,0,2.0,86.0,-0.120000000000001
2025-11-11T19:00,9.0,0.0,6.9,0,1.0,87.0,-0.0600000000000005
2025-11-11T20:00,8.4,0.0,6.2,0,3.0,89.0,-0.17999999999999972
2025-11-11T21:00,8.3,0.0,5.9,0,17.0,89.0,-1.0200000000000014
2025-11-11T22:00,8.1,0.0,5.4,0,2.0,90.0,-0.120000000000001
2025-11-11T23:00,7.8,0.0,5.2,3,80.0,90.0,-4.8
2025-11-12T00:00,7.2,0.0,4.7,2,76.0,91.0,-4.56
2025-11-12T01:00,6.4,0.0,3.5,2,73.0,92.0,-4.379999999999999
2025-11-12T02:00,5.9,0.0,3.0,3,95.0,92.0,-5.699999999999999
2025-11-12T03:00,5.6,0.0,2.6,3,98.0,93.0,-5.88
2025-11-12T04:00,5.1,0.0,2.3,3,94.0,95.0,-5.64
2025-11-12T05:00,4.8,0.0,2.0,1,49.0,95.0,-2.9400000000000004
2025-11-12T06:00,4.5,0.0,1.7,2,62.0,95.0,-3.7199999999999998
2025-11-12T07:00,4.0,0.0,1.2,3,95.0,95.0,-5.699999999999999
2025-11-12T08:00,3.6,0.0,0.9,3,99.0,96.0,-5.9399999999999995
2025-11-12T09:00,5.4,0.0,2.7,3,97.0,91.0,-5.819999999999999
2025-11-12T10:00,7.6,0.0,5.6,2,65.0,88.0,-3.9000000000000004
2025-11-12T11:00,9.9,0.0,8.3,3,100.0,81.0,-6.0
2025-11-12T12:00,11.6,0.0,10.4,3,100.0,75.0,-5.2
2025-11-12T13:00,13.1,0.0,11.8,3,99.0,71.0,-4.390000000000001
2025-11-12T14:00,13.7,0.0,12.6,3,100.0,70.0,-4.15
2025-11-12T15:00,13.5,0.0,12.4,3,100.0,74.0,-4.25
2025-11-12T16:00,11.8,0.0,10.8,3,100.0,82.0,-5.1
2025-11-12T17:00,9.8,0.0,8.4,3,100.0,87.0,-6.0
2025-11-12T18:00,9.2,0.0,7.4,3,100.0,86.0,-6.0
2025-11-12T19:00,8.9,0.0,6.8,3,100.0,85.0,-6.0
2025-11-12T20:00,8.3,0.0,6.0,3,100.0,86.0,-6.0
2025-11-12T21:00,8.5,0.0,6.1,3,100.0,88.0,-6.0
2025-11-12T22:00,8.2,0.0,5.8,3,100.0,88.0,-6.0
2025-11-12T23:00,7.4,0.0,5.0,3,100.0,89.0,-6.0
2025-11-13T00:00,7.2,0.0,4.7,3,98.0,88.0,-5.88
2025-11-13T01:00,6.3,0.0,3.7,3,84.0,91.0,-5.039999999999999
2025-11-13T02:00,5.6,0.0,2.9,3,100.0,90.0,-6.0
2025-11-13T03:00,5.7,0.0,3.0,3,84.0,88.0,-5.039999999999999
2025-11-13T04:00,5.7,0.0,3.0,3,98.0,88.0,-5.88
2025-11-13T05:00,5.3,0.0,2.8,3,98.0,88.0,-5.88
2025-11-13T06:00,5.1,0.0,3.4,3,92.0,86.0,-5.52
2025-11-13T07:00,4.6,0.0,1.9,3,99.0,92.0,-5.9399999999999995
2025-11-13T08:00,5.6,0.0,2.6,3,100.0,85.0,-6.0
2025-11-13T09:00,7.6,0.0,4.9,3,100.0,80.0,-6.0
2025-11-13T10:00,9.9,0.0,7.6,3,99.0,75.0,-5.9399999999999995
2025-11-13T11:00,12.1,0.0,10.1,3,96.0,71.0,-4.71
2025-11-13T12:00,13.9,0.0,11.9,3,93.0,65.0,-3.63
2025-11-13T13:00,15.7,0.0,14.1,3,99.0,60.0,-3.09
2025-11-13T14:00,16.2,0.0,14.8,3,98.0,61.0,-2.7800000000000002
2025-11-13T15:00,15.8,0.0,14.4,3,99.0,62.0,-3.039999999999999
2025-11-13T16:00,14.3,0.0,12.9,3,98.0,67.0,-3.7300000000000004
2025-11-13T17:00,13.1,0.0,11.6,3,100.0,68.0,-4.450000000000001
2025-11-13T18:00,13.4,0.0,11.6,3,98.0,67.0,-4.18
2025-11-13T19:00,12.6,0.0,10.8,3,100.0,70.0,-4.699999999999999
2025-11-13T20:00,11.7,0.0,9.9,3,100.0,72.0,-5.15
2025-11-13T21:00,10.7,0.0,8.9,3,98.0,74.0,-5.53
2025-11-13T22:00,10.1,0.0,8.1,3,99.0,77.0,-5.89
2025-11-13T23:00,9.9,0.0,7.7,3,80.0,80.0,-4.8
2025-11-14T00:00,10.1,0.0,7.8,3,100.0,79.0,-5.949999999999999
2025-11-14T01:00,8.8,0.0,6.4,3,100.0,85.0,-6.0
2025-11-14T02:00,8.1,0.0,5.7,3,100.0,87.0,-6.0
2025-11-14T03:00,8.5,0.0,5.9,3,100.0,84.0,-6.0
2025-11-14T04:00,9.2,0.0,6.4,3,100.0,78.0,-6.0
2025-11-14T05:00,8.8,0.0,6.4,3,100.0,77.0,-6.0
2025-11-14T06:00,9.0,0.0,6.5,3,99.0,76.0,-5.9399999999999995
2025-11-14T07:00,7.2,0.0,5.1,3,100.0,87.0,-6.0
2025-11-14T08:00,6.9,0.0,4.4,3,99.0,86.0,-5.9399999999999995
2025-11-14T09:00,8.5,0.0,6.2,3,100.0,81.0,-6.0
2025-11-14T10:00,11.3,0.0,9.6,3,87.0,74.0,-4.569999999999999
2025-11-14T11:00,13.1,0.0,11.6,3,99.0,68.0,-4.390000000000001
2025-11-14T12:00,14.5,0.0,13.2,3,100.0,65.0,-3.75
2025-11-14T13:00,15.4,0.0,14.3,3,100.0,61.0,-3.3
2025-11-14T14:00,14.4,0.0,13.6,3,100.0,71.0,-3.799999999999999
2025-11-14T15:00,14.8,0.0,14.3,3,100.0,72.0,-3.5999999999999988
2025-11-14T16:00,12.8,0.0,11.9,3,89.0,78.0,-3.9399999999999995
2025-11-14T17:00,11.0,0.0,9.7,3,100.0,83.0,-5.5
2025-11-14T18:00,11.3,0.0,9.7,3,100.0,79.0,-5.35
2025-11-14T19:00,11.8,0.0,10.2,3,100.0,76.0,-5.1
2025-11-14T20:00,11.8,0.0,9.6,3,100.0,73.0,-5.1
2025-11-14T21:00,11.5,0.0,10.0,3,97.0,74.0,-5.069999999999999
2025-11-14T22:00,11.3,0.0,9.1,3,99.0,72.0,-5.289999999999999
2025-11-14T23:00,11.6,0.0,9.6,3,100.0,71.0,-5.2
2025-11-15T00:00,11.1,0.0,9.9,3,100.0,76.0,-5.45
2025-11-15T01:00,10.7,0.0,9.6,3,98.0,83.0,-5.53
2025-11-15T02:00,10.2,0.0,9.2,3,100.0,84.0,-5.9
2025-11-15T03:00,11.1,0.0,9.2,3,100.0,78.0,-5.45
2025-11-15T04:00,11.4,0.1,9.8,51,100.0,80.0,-5.34
2025-11-15T05:00,11.7,0.1,10.2,51,100.0,79.0,-5.19
2025-11-15T06:00,11.6,0.0,10.4,3,100.0,80.0,-5.2
2025-11-15T07:00,13.0,0.0,12.4,3,100.0,75.0,-4.5
2025-11-15T08:00,12.9,0.0,11.9,3,100.0,78.0,-4.55
2025-11-15T09:00,12.9,0.0,12.7,3,100.0,82.0,-4.55
2025-11-15T10:00,12.9,0.0,12.0,3,100.0,82.0,-4.55
2025-11-15T11:00,13.7,0.0,13.4,3,100.0,82.0,-4.15
2025-11-15T12:00,14.8,0.0,14.9,3,100.0,81.0,-3.5999999999999988
2025-11-15T13:00,14.0,0.0,14.2,3,100.0,87.0,-3.999999999999999
2025-11-15T14:00,13.8,0.3,13.2,51,100.0,88.0,-4.219999999999999
2025-11-15T15:00,14.0,0.0,13.1,1,39.0,89.0,-0.33999999999999986
2025-11-15T16:00,13.8,0.0,13.5,1,25.0,87.0,0.40000000000000036
2025-11-15T17:00,11.1,0.0,10.5,3,100.0,91.0,-5.45
2025-11-15T18:00,10.4,0.0,9.3,3,100.0,93.0,-5.8
2025-11-15T19:00,11.5,0.0,11.0,3,100.0,95.0,-5.25
2025-11-15T20:00,12.1,0.2,10.9,51,100.0,92.0,-5.03
2025-11-15T21:00,11.2,0.0,10.6,3,100.0,93.0,-5.4
2025-11-15T22:00,11.5,0.0,10.2,3,100.0,94.0,-5.25
2025-11-15T23:00,10.6,0.0,9.3,3,100.0,96.0,-5.7
2025-11-16T00:00,10.5,0.0,9.2,3,99.0,95.0,-5.6899999999999995
2025-11-16T01:00,9.7,0.0,8.6,3,100.0,94.0,-6.0
2025-11-16T02:00,9.4,0.0,8.1,2,55.0,95.0,-3.3000000000000007
2025-11-16T03:00,8.4,0.0,6.9,0,0.0,95.0,0.0
2025-11-16T04:00,8.0,0.0,6.2,0,6.0,96.0,-0.35999999999999943
2025-11-16T05:00,7.7,0.0,6.0,0,5.0,96.0,-0.3000000000000007
2025-11-16T06:00,7.3,0.0,5.6,1,33.0,96.0,-1.9800000000000004
2025-11-16T07:00,7.0,0.0,5.1,3,98.0,95.0,-5.88
2025-11-16T08:00,6.3,0.0,4.3,3,100.0,97.0,-6.0
2025-11-16T09:00,7.8,0.0,5.8,3,100.0,95.0,-6.0
2025-11-16T10:00,9.7,0.0,8.4,3,100.0,93.0,-6.0
2025-11-16T11:00,11.4,0.0,10.5,3,100.0,87.0,-5.3
2025-11-16T12:00,12.5,0.0,12.0,3,100.0,81.0,-4.75
2025-11-16T13:00,12.4,0.0,12.1,3,100.0,81.0,-4.8
2025-11-16T14:00,12.6,0.0,12.1,3,100.0,81.0,-4.699999999999999
2025-11-16T15:00,12.1,0.0,11.6,3,100.0,84.0,-4.95
2025-11-16T16:00,11.1,0.0,10.5,3,100.0,90.0,-5.45
2025-11-16T17:00,9.6,0.0,8.8,3,100.0,94.0,-6.0
2025-11-16T18:00,10.1,0.0,9.2,3,100.0,93.0,-5.949999999999999
2025-11-16T19:00,10.1,0.0,9.4,3,100.0,93.0,-5.949999999999999
2025-11-16T20:00,10.2,0.0,9.3,3,100.0,92.0,-5.9
2025-11-16T21:00,10.0,0.0,8.9,1,28.0,93.0,-1.6799999999999997
2025-11-16T22:00,9.1,0.0,8.0,2,66.0,95.0,-3.96
2025-11-16T23:00,7.9,0.0,6.8,3,100.0,98.0,-6.0
2025-11-17T00:00,8.9,0.0,7.2,3,100.0,97.0,-6.0
2025-11-17T01:00,9.2,0.0,7.2,3,100.0,96.0,-6.0
2025-11-17T02:00,8.7,0.0,6.4,3,100.0,92.0,-6.0
2025-11-17T03:00,8.2,0.0,5.6,3,100.0,91.0,-6.0
2025-11-17T04:00,7.7,0.0,4.9,3,100.0,91.0,-6.0
2025-11-17T05:00,7.6,0.0,4.7,3,100.0,91.0,-6.0
2025-11-17T06:00,7.3,0.4,4.2,51,100.0,93.0,-6.16
2025-11-17T07:00,5.9,0.9,2.5,53,100.0,96.0,-6.359999999999999
2025-11-17T08:00,5.7,0.7,2.6,53,100.0,96.0,-6.279999999999999
2025-11-17T09:00,5.4,0.1,2.1,51,98.0,91.0,-5.92
2025-11-17T10:00,5.3,0.0,1.7,3,100.0,80.0,-6.0
2025-11-17T11:00,5.7,0.0,2.0,3,100.0,75.0,-6.0
2025-11-17T12:00,5.9,0.0,2.2,3,100.0,76.0,-6.0
2025-11-17T13:00,6.6,0.1,2.7,51,100.0,75.0,-6.04
2025-11-17T14:00,7.1,0.0,2.8,3,86.0,69.0,-5.159999999999999
2025-11-17T15:00,6.3,0.1,3.0,51,41.0,74.0,-2.5
2025-11-17T16:00,5.5,0.6,1.4,53,81.0,77.0,-5.1
2025-11-17T17:00,4.8,0.0,1.0,0,10.0,80.0,-0.5999999999999996
2025-11-17T18:00,4.0,0.0,0.0,0,0.0,82.0,0.0
2025-11-17T19:00,3.1,0.0,-0.7,0,2.0,87.0,-0.120000000000001
2025-11-17T20:00,3.0,0.0,-0.7,0,8.0,86.0,-0.47999999999999865
2025-11-17T21:00,2.5,0.0,-1.1,0,3.0,89.0,-0.17999999999999972
2025-11-17T22:00,2.1,0.0,-1.2,0,0.0,90.0,0.0
2025-11-17T23:00,1.7,0.0,-1.3,0,0.0,91.0,0.0
2025-11-18T00:00,0.8,0.0,-1.9,0,0.0,93.0,0.0
2025-11-18T01:00,0.7,0.0,-1.7,0,0.0,91.0,0.0
2025-11-18T02:00,0.2,0.0,-2.3,0,0.0,93.0,0.0
2025-11-18T03:00,0.1,0.0,-2.3,0,13.0,94.0,-0.7799999999999994
2025-11-18T04:00,0.0,0.0,-2.3,1,41.0,95.0,-2.46
2025-11-18T05:00,-0.5,0.0,-3.0,3,99.0,95.0,-5.9399999999999995
2025-11-18T06:00,-0.4,0.0,-3.2,3,100.0,96.0,-6.0
2025-11-18T07:00,-0.9,0.0,-4.0,3,99.0,96.0,-5.9399999999999995
2025-11-18T08:00,-1.1,0.0,-4.4,3,100.0,97.0,-6.0
2025-11-18T09:00,-0.6,0.0,-3.7,3,100.0,97.0,-6.0
2025-11-18T10:00,1.2,0.0,-1.8,3,88.0,91.0,-5.279999999999999
2025-11-18T11:00,2.9,0.0,0.0,0,2.0,85.0,-0.120000000000001
2025-11-18T12:00,4.3,0.0,1.4,0,0.0,78.0,0.0
2025-11-18T13:00,4.6,0.0,1.7,1,45.0,76.0,-2.7
2025-11-18T14:00,5.1,0.0,2.3,0,12.0,72.0,-0.7199999999999989
2025-11-18T15:00,5.0,0.0,2.1,0,4.0,71.0,-0.2400000000000002
2025-11-18T16:00,4.1,0.0,1.1,0,2.0,76.0,-0.120000000000001
2025-11-18T17:00,2.6,0.0,-0.6,0,0.0,82.0,0.0
2025-11-18T18:00,1.9,0.0,-1.4,0,0.0,83.0,0.0
2025-11-18T19:00,1.6,0.0,-1.8,0,0.0,86.0,0.0
2025-11-18T20:00,1.4,0.0,-2.2,0,2.0,88.0,-0.120000000000001
2025-11-18T21:00,1.0,0.0,-2.6,0,12.0,92.0,-0.7199999999999989
2025-11-18T22:00,0.5,0.0,-3.2,0,1.0,94.0,-0.0600000000000005
2025-11-18T23:00,0.2,0.0,-3.4,0,1.0,94.0,-0.0600000000000005
2025-11-19T00:00,-0.4,0.0,-3.8,0,11.0,95.0,-0.6600000000000001
2025-11-19T01:00,-0.4,0.0,-3.9,3,99.0,95.0,-5.9399999999999995
2025-11-19T02:00,0.3,0.0,-3.4,3,100.0,94.0,-6.0
2025-11-19T03:00,0.9,0.0,-3.0,3,100.0,91.0,-6.0
2025-11-19T04:00,0.8,0.0,-3.1,3,90.0,89.0,-5.3999999999999995
2025-11-19T05:00,0.6,0.0,-3.2,3,100.0,89.0,-6.0
2025-11-19T06:00,0.8,0.0,-3.0,3,90.0,88.0,-5.3999999999999995
2025-11-19T07:00,0.8,0.0,-3.0,2,54.0,87.0,-3.24
2025-11-19T08:00,1.0,0.0,-2.8,3,100.0,82.0,-6.0
2025-11-19T09:00,1.5,0.0,-2.2,73,98.0,78.0,-5.88
2025-11-19T10:00,2.4,0.0,-1.0,3,99.0,73.0,-5.9399999999999995
2025-11-19T11:00,3.1,0.0,-0.6,3,98.0,74.0,-5.88
2025-11-19T12:00,3.6,0.0,-0.1,3,99.0,75.0,-5.9399999999999995
2025-11-19T13:00,3.9,0.0,0.5,3,100.0,76.0,-6.0
2025-11-19T14:00,4.5,0.0,1.3,3,97.0,74.0,-5.819999999999999
2025-11-19T15:00,4.8,0.3,1.7,73,96.0,75.0,-5.88
2025-11-19T16:00,4.9,0.0,1.8,3,100.0,77.0,-6.0
2025-11-19T17:00,4.6,0.1,1.5,51,100.0,79.0,-6.04
2025-11-19T18:00,4.7,0.1,1.4,51,100.0,79.0,-6.04
2025-11-19T19:00,4.2,0.6,0.4,53,100.0,87.0,-6.24
2025-11-19T20:00,3.6,0.8,-0.3,53,100.0,94.0,-6.319999999999999
2025-11-19T21:00,3.5,0.4,-0.2,51,100.0,95.0,-6.16
2025-11-19T22:00,3.8,0.1,0.1,51,100.0,92.0,-6.04
2025-11-19T23:00,3.9,0.0,0.1,3,100.0,93.0,-6.0
2025-11-20T00:00,3.9,0.1,0.2,51,100.0,92.0,-6.04
2025-11-20T01:00,2.9,0.1,-1.0,51,100.0,95.0,-6.04
2025-11-20T02:00,3.3,0.0,-0.5,3,95.0,93.0,-5.699999999999999
2025-11-20T03:00,3.2,0.3,-0.9,51,59.0,93.0,-3.66
2025-11-20T04:00,3.0,0.3,-1.2,51,84.0,94.0,-5.159999999999999
2025-11-20T05:00,2.9,0.1,-1.2,51,100.0,95.0,-6.04
2025-11-20T06:00,2.9,0.3,-1.5,51,100.0,96.0,-6.12
2025-11-20T07:00,2.5,0.2,-1.9,51,100.0,95.0,-6.08
2025-11-20T08:00,2.5,0.2,-1.8,51,97.0,93.0,-5.8999999999999995
2025-11-20T09:00,2.7,0.0,-1.1,2,78.0,91.0,-4.68
2025-11-20T10:00,3.6,0.1,-0.0,51,83.0,84.0,-5.02
2025-11-20T11:00,4.1,0.0,0.4,3,88.0,77.0,-5.279999999999999
2025-11-20T12:00,4.3,0.1,0.8,51,14.0,73.0,-0.879999999999999
2025-11-20T13:00,4.7,0.0,1.1,1,38.0,67.0,-2.2799999999999994
2025-11-20T14:00,4.7,0.0,1.0,2,69.0,64.0,-4.139999999999999
2025-11-20T15:00,4.7,0.0,1.2,3,80.0,62.0,-4.8
2025-11-20T16:00,4.4,0.0,1.7,1,29.0,68.0,-1.7399999999999984
2025-11-20T17:00,2.6,0.0,0.0,1,49.0,71.0,-2.9400000000000004
2025-11-20T18:00,1.7,0.0,-1.5,2,67.0,79.0,-4.0200000000000005
2025-11-20T19:00,1.4,0.0,-1.9,1,39.0,88.0,-2.34
2025-11-20T20:00,0.5,0.0,-2.3,1,41.0,94.0,-2.46
2025-11-20T21:00,-0.9,0.0,-3.8,1,28.0,96.0,-1.6799999999999997
2025-11-20T22:00,-1.0,0.0,-3.8,0,10.0,96.0,-0.5999999999999996
2025-11-20T23:00,-1.6,0.0,-4.6,1,48.0,97.0,-2.880000000000001
2025-11-21T00:00,-2.2,0.0,-5.3,2,60.0,97.0,-3.5999999999999996
2025-11-21T01:00,0.3,0.0,-2.7,2,66.0,97.0,-3.96
2025-11-21T02:00,-0.3,0.0,-3.0,1,46.0,98.0,-2.76
2025-11-21T03:00,-1.1,0.0,-4.1,0,18.0,97.0,-1.08
2025-11-21T04:00,-1.3,0.0,-4.3,1,34.0,96.0,-2.039999999999999
2025-11-21T05:00,-1.7,0.0,-4.7,1,35.0,96.0,-2.0999999999999996
2025-11-21T06:00,-2.2,0.0,-5.1,0,14.0,95.0,-0.8399999999999999
2025-11-21T07:00,-0.6,0.0,-3.3,3,86.0,98.0,-5.159999999999999
2025-11-21T08:00,-1.6,0.0,-4.5,1,49.0,98.0,-2.9400000000000004
2025-11-21T09:00,-0.4,0.0,-3.3,1,22.0,96.0,-1.3200000000000003
2025-11-21T10:00,1.1,0.0,-1.4,0,0.0,88.0,0.0
2025-11-21T11:00,2.4,0.0,-0.5,0,0.0,78.0,0.0
2025-11-21T12:00,3.3,0.0,-0.3,1,30.0,65.0,-1.799999999999999
2025-11-21T13:00,3.9,0.0,0.1,1,36.0,56.0,-2.16
2025-11-21T14:00,3.9,0.0,-0.2,3,94.0,52.0,-5.64
2025-11-21T15:00,3.5,0.0,-0.7,3,100.0,55.0,-6.0
2025-11-21T16:00,2.4,0.0,-1.5,3,96.0,63.0,-5.76
2025-11-21T17:00,0.6,0.0,-3.5,3,100.0,74.0,-6.0
2025-11-21T18:00,-0.5,0.0,-4.5,2,79.0,80.0,-4.74
2025-11-21T19:00,-1.0,0.0,-5.1,0,2.0,83.0,-0.120000000000001
2025-11-21T20:00,-1.5,0.0,-5.2,0,0.0,82.0,0.0
2025-11-21T21:00,-2.0,0.0,-5.5,0,0.0,83.0,0.0
2025-11-21T22:00,-2.4,0.0,-5.9,0,0.0,84.0,0.0
2025-11-21T23:00,-2.7,0.0,-6.2,0,0.0,84.0,0.0
2025-11-22T00:00,-2.8,0.0,-6.3,0,0.0,85.0,0.0
2025-11-22T01:00,-3.9,0.0,-7.4,0,0.0,84.0,0.0
2025-11-22T02:00,-4.0,0.0,-7.3,0,0.0,85.0,0.0
2025-11-22T03:00,-4.1,0.0,-7.4,0,0.0,86.0,0.0
2025-11-22T04:00,-4.1,0.0,-7.2,0,0.0,86.0,0.0
2025-11-22T05:00,-4.3,0.0,-7.5,0,0.0,87.0,0.0
2025-11-22T06:00,-4.4,0.0,-7.6,0,0.0,87.0,0.0
2025-11-22T07:00,-5.1,0.0,-8.4,0,0.0,86.0,0.0
2025-11-22T08:00,-5.4,0.0,-8.7,0,0.0,87.0,0.0
2025-11-22T09:00,-4.2,0.0,-7.5,0,0.0,81.0,0.0
2025-11-22T10:00,-2.7,0.0,-6.0,0,0.0,73.0,0.0
2025-11-22T11:00,-1.2,0.0,-4.6,0,0.0,65.0,0.0
2025-11-22T12:00,-0.1,0.0,-3.5,0,0.0,59.0,0.0
2025-11-22T13:00,-0.1,0.0,-3.7,0,6.0,66.0,-0.35999999999999943
2025-11-22T14:00,0.3,0.0,-3.6,0,9.0,63.0,-0.5399999999999991
2025-11-22T15:00,0.1,0.0,-3.7,0,0.0,62.0,0.0
2025-11-22T16:00,-1.2,0.0,-4.6,0,0.0,69.0,0.0
2025-11-22T17:00,-2.8,0.0,-6.1,0,3.0,77.0,-0.17999999999999972
2025-11-22T18:00,-3.1,0.0,-6.7,0,13.0,79.0,-0.7799999999999994
2025-11-22T19:00,-3.5,0.0,-7.5,0,0.0,86.0,0.0
2025-11-22T20:00,-3.7,0.0,-7.7,0,0.0,87.0,0.0
2025-11-22T21:00,-4.0,0.0,-7.9,0,1.0,87.0,-0.0600000000000005
2025-11-22T22:00,-4.3,0.0,-8.2,0,1.0,87.0,-0.0600000000000005
2025-11-22T23:00,-4.7,0.0,-8.7,0,5.0,88.0,-0.3000000000000007
2025-11-23T00:00,-4.9,0.0,-9.1,0,0.0,89.0,0.0
2025-11-23T01:00,-5.5,0.0,-9.8,0,0.0,90.0,0.0
2025-11-23T02:00,-5.6,0.0,-9.5,0,0.0,88.0,0.0
2025-11-23T03:00,-5.8,0.0,-9.9,0,0.0,88.0,0.0
2025-11-23T04:00,-5.9,0.0,-10.2,0,0.0,87.0,0.0
2025-11-23T05:00,-6.0,0.0,-10.3,0,15.0,86.0,-0.9000000000000004
2025-11-23T06:00,-6.2,0.0,-10.2,3,84.0,85.0,-5.039999999999999
2025-11-23T07:00,-6.5,0.0,-10.9,2,61.0,90.0,-3.66
2025-11-23T08:00,-6.7,0.0,-11.1,1,43.0,87.0,-2.58
2025-11-23T09:00,-5.6,0.0,-10.1,3,100.0,79.0,-6.0
2025-11-23T10:00,-3.7,0.0,-7.9,2,63.0,69.0,-3.7800000000000002
2025-11-23T11:00,-1.6,0.0,-6.0,2,56.0,56.0,-3.360000000000001
2025-11-23T12:00,0.3,0.0,-4.1,2,50.0,46.0,-3.0
2025-11-23T13:00,0.3,0.0,-4.1,3,100.0,57.0,-6.0
2025-11-23T14:00,1.4,0.0,-2.9,3,100.0,51.0,-6.0
2025-11-23T15:00,1.6,0.0,-2.6,3,100.0,50.0,-6.0
2025-11-23T16:00,1.4,0.0,-3.1,3,100.0,53.0,-6.0
2025-11-23T17:00,1.8,0.0,-3.0,3,100.0,50.0,-6.0
2025-11-23T18:00,2.4,0.0,-2.6,3,100.0,44.0,-6.0
2025-11-23T19:00,1.4,0.0,-2.8,73,100.0,66.0,-6.0
2025-11-23T20:00,1.6,0.0,-2.5,71,100.0,66.0,-6.0
2025-11-23T21:00,1.5,0.3,-2.4,51,100.0,71.0,-6.12
2025-11-23T22:00,0.9,0.6,-2.3,71,100.0,89.0,-6.24
2025-11-23T23:00,1.2,1.1,-1.9,73,100.0,94.0,-6.4399999999999995
2025-11-24T00:00,1.7,1.2,-1.4,55,100.0,95.0,-6.4799999999999995
2025-11-24T01:00,1.3,0.9,-1.4,53,100.0,98.0,-6.359999999999999
2025-11-24T02:00,1.2,0.4,-1.5,51,100.0,98.0,-6.16
2025-11-24T03:00,1.8,0.0,-1.2,3,100.0,98.0,-6.0
2025-11-24T04:00,1.7,0.0,-1.3,3,100.0,98.0,-6.0
2025-11-24T05:00,1.5,0.0,-1.5,3,100.0,99.0,-6.0
2025-11-24T06:00,1.7,0.0,-1.3,3,100.0,99.0,-6.0
2025-11-24T07:00,2.1,0.0,-0.6,3,100.0,100.0,-6.0
2025-11-24T08:00,2.2,0.0,-0.5,3,100.0,100.0,-6.0
2025-11-24T09:00,2.7,0.0,0.1,3,100.0,99.0,-6.0
2025-11-24T10:00,3.3,0.1,0.7,51,100.0,98.0,-6.04
2025-11-24T11:00,3.6,0.2,0.9,51,100.0,98.0,-6.08
2025-11-24T12:00,4.3,0.2,1.5,51,100.0,98.0,-6.08
2025-11-24T13:00,5.3,0.1,2.5,51,77.0,97.0,-4.66
2025-11-24T14:00,6.0,0.0,3.1,2,76.0,94.0,-4.56
2025-11-24T15:00,6.0,0.0,3.3,1,23.0,93.0,-1.3800000000000008
2025-11-24T16:00,4.6,0.0,2.1,2,71.0,95.0,-4.26
2025-11-24T17:00,2.6,0.0,-0.3,3,100.0,96.0,-6.0
2025-11-24T18:00,2.3,0.1,-0.5,51,100.0,96.0,-6.04
2025-11-24T19:00,3.4,0.1,0.4,51,98.0,93.0,-5.92
2025-11-24T20:00,3.2,0.0,0.7,3,98.0,95.0,-5.88
2025-11-24T21:00,2.8,0.1,0.5,51,100.0,95.0,-6.04
2025-11-24T22:00,2.6,0.1,-0.5,51,99.0,97.0,-5.9799999999999995
2025-11-24T23:00,3.5,0.1,0.3,51,78.0,88.0,-4.72
2025-11-25T00:00,3.3,0.0,0.1,1,38.0,91.0,-2.2799999999999994
2025-11-25T01:00,1.3,0.0,-1.7,3,97.0,99.0,-5.819999999999999
2025-11-25T02:00,2.5,0.0,-0.5,3,87.0,99.0,-5.22
2025-11-25T03:00,1.8,0.1,-1.1,51,99.0,98.0,-5.9799999999999995
2025-11-25T04:00,0.9,0.0,-1.9,3,99.0,99.0,-5.9399999999999995
2025-11-25T05:00,0.1,0.0,-2.7,3,96.0,99.0,-5.76
2025-11-25T06:00,0.1,0.0,-3.0,3,98.0,99.0,-5.88
2025-11-25T07:00,1.4,0.0,-1.9,3,100.0,99.0,-6.0
2025-11-25T08:00,1.7,0.6,-1.6,53,100.0,100.0,-6.24
2025-11-25T09:00,2.4,0.0,-0.7,3,100.0,99.0,-6.0
2025-11-25T10:00,3.3,0.0,0.7,3,100.0,98.0,-6.0
2025-11-25T11:00,4.0,0.4,1.6,51,100.0,97.0,-6.16
2025-11-25T12:00,4.4,0.2,2.4,51,100.0,96.0,-6.08
2025-11-25T13:00,5.3,0.1,3.6,51,100.0,98.0,-6.04
2025-11-25T14:00,5.2,0.4,3.0,51,100.0,98.0,-6.16
2025-11-25T15:00,5.0,0.4,3.1,51,100.0,98.0,-6.16
2025-11-25T16:00,4.7,0.3,3.1,51,100.0,99.0,-6.12
2025-11-25T17:00,4.5,0.0,2.8,3,100.0,98.0,-6.0
2025-11-25T18:00,4.3,0.2,2.3,51,100.0,99.0,-6.08
2025-11-25T19:00,3.5,0.1,1.3,51,98.0,97.0,-5.92
2025-11-25T20:00,3.5,1.0,1.4,55,99.0,94.0,-6.34
2025-11-25T21:00,3.4,0.0,1.1,2,54.0,93.0,-3.24
2025-11-25T22:00,1.7,0.1,-0.8,51,93.0,98.0,-5.62
2025-11-25T23:00,1.6,0.0,-0.9,3,100.0,99.0,-6.0
2025-11-26T00:00,1.5,0.2,-1.2,51,100.0,99.0,-6.08
2025-11-26T01:00,4.0,0.3,1.4,51,74.0,98.0,-4.56
2025-11-26T02:00,3.4,0.0,0.7,1,47.0,98.0,-2.8200000000000003
2025-11-26T03:00,2.4,0.0,-0.5,2,66.0,98.0,-3.96
2025-11-26T04:00,2.1,0.0,-0.9,1,25.0,98.0,-1.5
2025-11-26T05:00,1.5,0.0,-1.7,1,23.0,98.0,-1.3800000000000008
2025-11-26T06:00,1.3,0.0,-2.1,3,100.0,98.0,-6.0
2025-11-26T07:00,2.5,0.0,-0.9,3,100.0,98.0,-6.0
2025-11-26T08:00,3.2,0.0,0.3,3,100.0,97.0,-6.0
2025-11-26T09:00,3.6,0.0,0.7,3,100.0,97.0,-6.0
2025-11-26T10:00,3.8,0.0,0.4,3,100.0,94.0,-6.0
2025-11-26T11:00,4.3,0.0,0.8,3,100.0,88.0,-6.0
2025-11-26T12:00,3.8,0.0,0.5,3,100.0,88.0,-6.0
2025-11-26T13:00,4.6,0.0,1.3,3,100.0,85.0,-6.0
2025-11-26T14:00,4.9,0.0,1.5,2,69.0,80.0,-4.139999999999999
2025-11-26T15:00,4.7,0.0,1.4,3,83.0,78.0,-4.98
2025-11-26T16:00,4.3,0.0,1.3,1,23.0,79.0,-1.3800000000000008
2025-11-26T17:00,3.6,0.0,0.8,1,29.0,83.0,-1.7399999999999984
2025-11-26T18:00,2.9,0.0,0.2,1,29.0,85.0,-1.7399999999999984
2025-11-26T19:00,1.9,0.0,-0.9,1,45.0,89.0,-2.7
2025-11-26T20:00,1.5,0.0,-1.1,2,66.0,91.0,-3.96
2025-11-26T21:00,1.2,0.0,-1.1,3,100.0,93.0,-6.0
2025-11-26T22:00,1.9,0.0,-0.4,3,100.0,92.0,-6.0
2025-11-26T23:00,2.2,0.0,-0.4,3,100.0,92.0,-6.0
2025-11-27T00:00,2.3,0.0,-0.4,3,94.0,90.0,-5.64
2025-11-27T01:00,3.1,0.0,0.6,3,100.0,91.0,-6.0
2025-11-27T02:00,2.9,0.0,0.2,3,100.0,91.0,-6.0
2025-11-27T03:00,2.6,0.0,-0.0,3,99.0,92.0,-5.9399999999999995
2025-11-27T04:00,2.5,0.0,-0.1,3,100.0,91.0,-6.0
2025-11-27T05:00,2.2,0.0,-0.7,3,82.0,90.0,-4.92
2025-11-27T06:00,1.5,0.0,-1.6,2,78.0,86.0,-4.68
2025-11-27T07:00,2.4,0.0,-0.5,3,99.0,92.0,-5.9399999999999995
2025-11-27T08:00,2.6,0.0,-0.4,3,96.0,90.0,-5.76
2025-11-27T09:00,2.8,0.0,-0.5,2,70.0,88.0,-4.199999999999999
2025-11-27T10:00,3.6,0.0,0.6,2,59.0,86.0,-3.54
2025-11-27T11:00,4.5,0.0,1.1,3,83.0,78.0,-4.98
2025-11-27T12:00,5.1,0.0,1.0,3,100.0,67.0,-6.0
2025-11-27T13:00,5.3,0.0,1.0,3,100.0,65.0,-6.0
2025-11-27T14:00,5.4,0.0,1.2,3,100.0,65.0,-6.0
2025-11-27T15:00,5.1,0.0,1.1,3,100.0,67.0,-6.0
2025-11-27T16:00,4.7,0.0,1.2,3,100.0,71.0,-6.0
2025-11-27T17:00,3.8,0.0,0.2,3,100.0,76.0,-6.0
2025-11-27T18:00,3.4,0.0,-0.2,3,100.0,78.0,-6.0
2025-11-27T19:00,3.6,0.0,0.1,3,100.0,80.0,-6.0
2025-11-27T20:00,3.7,0.0,0.2,3,100.0,80.0,-6.0
2025-11-27T21:00,3.7,0.1,0.2,51,100.0,81.0,-6.04
2025-11-27T22:00,3.7,0.0,0.3,3,100.0,83.0,-6.0
2025-11-27T23:00,3.8,0.0,0.4,3,100.0,85.0,-6.0
2025-11-28T00:00,3.8,0.0,0.4,3,100.0,84.0,-6.0
2025-11-28T01:00,3.9,0.0,0.6,3,100.0,84.0,-6.0
2025-11-28T02:00,3.8,0.1,0.5,51,100.0,85.0,-6.04
2025-11-28T03:00,3.6,0.1,0.3,51,100.0,87.0,-6.04
2025-11-28T04:00,3.5,0.0,0.2,3,100.0,87.0,-6.0
2025-11-28T05:00,3.5,0.0,0.3,3,100.0,87.0,-6.0
2025-11-28T06:00,3.6,0.0,0.5,3,100.0,85.0,-6.0
2025-11-28T07:00,3.5,0.0,0.2,3,100.0,88.0,-6.0
2025-11-28T08:00,3.6,0.0,0.3,3,100.0,87.0,-6.0
2025-11-28T09:00,3.9,0.0,0.7,3,100.0,86.0,-6.0
2025-11-28T10:00,4.1,0.0,1.1,3,100.0,86.0,-6.0
2025-11-28T11:00,4.6,0.0,1.6,3,100.0,83.0,-6.0
2025-11-28T12:00,5.0,0.0,2.0,3,100.0,82.0,-6.0
2025-11-28T13:00,5.4,0.0,2.2,3,100.0,78.0,-6.0
2025-11-28T14:00,5.7,0.0,2.7,3,100.0,80.0,-6.0
2025-11-28T15:00,5.8,0.0,2.8,3,100.0,81.0,-6.0
2025-11-28T16:00,5.8,0.0,3.0,3,100.0,83.0,-6.0
2025-11-28T17:00,5.7,0.0,2.9,3,100.0,85.0,-6.0
2025-11-28T18:00,6.0,0.0,3.1,3,100.0,85.0,-6.0
2025-11-28T19:00,6.1,0.0,3.4,3,100.0,89.0,-6.0
2025-11-28T20:00,5.7,0.5,3.3,53,100.0,95.0,-6.2
2025-11-28T21:00,5.9,1.8,3.4,61,100.0,96.0,-6.719999999999999
2025-11-28T22:00,6.1,0.8,3.7,53,100.0,97.0,-6.319999999999999
2025-11-28T23:00,6.2,1.0,3.9,55,100.0,98.0,-6.3999999999999995
2025-11-29T00:00,6.2,0.5,3.9,53,100.0,98.0,-6.2
2025-11-29T01:00,6.0,0.2,3.6,51,100.0,99.0,-6.08
2025-11-29T02:00,6.1,0.1,3.7,51,100.0,98.0,-6.04
2025-11-29T03:00,6.2,0.2,3.8,51,100.0,99.0,-6.08
2025-11-29T04:00,6.4,0.3,4.1,51,100.0,98.0,-6.12
2025-11-29T05:00,6.4,0.3,4.3,51,100.0,98.0,-6.12
2025-11-29T06:00,6.4,0.2,4.5,51,100.0,98.0,-6.08
2025-11-29T07:00,6.6,0.1,4.7,51,100.0,99.0,-6.04
2025-11-29T08:00,6.7,0.1,4.8,51,100.0,99.0,-6.04
2025-11-29T09:00,7.0,0.3,5.0,51,100.0,99.0,-6.12
2025-11-29T10:00,7.3,0.2,5.3,51,100.0,99.0,-6.08
2025-11-29T11:00,8.0,0.0,5.9,3,99.0,96.0,-5.9399999999999995
2025-11-29T12:00,8.4,0.0,6.3,3,100.0,95.0,-6.0
2025-11-29T13:00,8.5,0.3,6.6,51,96.0,95.0,-5.88
2025-11-29T14:00,9.5,0.0,7.3,3,91.0,90.0,-5.46
2025-11-29T15:00,9.4,0.0,7.7,3,98.0,90.0,-5.88
2025-11-29T16:00,8.5,0.0,6.8,3,100.0,94.0,-6.0
2025-11-29T17:00,7.3,0.0,5.2,3,100.0,95.0,-6.0
2025-11-29T18:00,6.7,0.0,4.6,3,100.0,96.0,-6.0
2025-11-29T19:00,7.4,0.0,5.3,3,100.0,97.0,-6.0
2025-11-29T20:00,7.9,0.0,5.9,3,100.0,96.0,-6.0
2025-11-29T21:00,7.2,0.0,5.1,3,100.0,97.0,-6.0
2025-11-29T22:00,6.4,0.0,4.3,3,96.0,97.0,-5.76
2025-11-29T23:00,5.3,0.0,3.0,3,98.0,98.0,-5.88
2025-11-30T00:00,4.8,0.0,2.3,3,99.0,98.0,-5.9399999999999995
2025-11-30T01:00,4.5,0.0,1.8,3,99.0,99.0,-5.9399999999999995
2025-11-30T02:00,5.0,0.0,2.4,3,100.0,98.0,-6.0
2025-11-30T03:00,4.9,0.0,2.3,3,100.0,97.0,-6.0
2025-11-30T04:00,4.4,0.0,1.8,3,100.0,97.0,-6.0
2025-11-30T05:00,3.9,0.0,1.3,3,100.0,97.0,-6.0
2025-11-30T06:00,3.9,0.0,1.3,3,98.0,97.0,-5.88
2025-11-30T07:00,4.0,0.0,1.3,3,100.0,98.0,-6.0
2025-11-30T08:00,5.1,0.1,2.5,51,100.0,97.0,-6.04
2025-11-30T09:00,5.9,0.2,3.7,51,100.0,97.0,-6.08
2025-11-30T10:00,6.3,0.5,4.1,53,100.0,97.0,-6.2
2025-11-30T11:00,6.8,1.2,4.5,55,100.0,97.0,-6.4799999999999995
2025-11-30T12:00,7.3,0.7,5.4,53,100.0,98.0,-6.279999999999999
2025-11-30T13:00,6.6,0.1,4.8,51,100.0,98.0,-6.04
2025-11-30T14:00,6.9,0.4,5.3,51,100.0,98.0,-6.16
2025-11-30T15:00,7.1,0.2,5.8,51,100.0,99.0,-6.08
2025-11-30T16:00,6.8,0.2,5.6,51,100.0,100.0,-6.08
2025-11-30T17:00,6.7,0.3,4.8,51,100.0,99.0,-6.12
2025-11-30T18:00,6.7,0.1,4.4,51,100.0,97.0,-6.04
2025-11-30T19:00,6.3,0.1,3.5,51,100.0,95.0,-6.04
2025-11-30T20:00,6.0,0.3,3.2,51,100.0,98.0,-6.12
2025-11-30T21:00,6.0,0.1,3.3,51,100.0,98.0,-6.04
2025-11-30T22:00,5.8,0.0,3.0,3,100.0,94.0,-6.0
2025-11-30T23:00,5.5,0.0,2.7,3,100.0,97.0,-6.0
2025-12-01T00:00,4.9,0.0,2.0,3,95.0,94.0,-5.699999999999999
2025-12-01T01:00,4.4,0.0,1.9,0,5.0,95.0,-0.3000000000000007
2025-12-01T02:00,2.0,0.0,-0.6,0,5.0,97.0,-0.3000000000000007
2025-12-01T03:00,0.9,0.0,-1.7,0,15.0,98.0,-0.9000000000000004
2025-12-01T04:00,0.3,0.0,-2.5,1,27.0,99.0,-1.6199999999999992
2025-12-01T05:00,0.5,0.0,-2.6,1,38.0,100.0,-2.2799999999999994
2025-12-01T06:00,0.3,0.0,-2.9,1,44.0,99.0,-2.6400000000000006
2025-12-01T07:00,0.4,0.0,-2.9,0,19.0,96.0,-1.1400000000000006
2025-12-01T08:00,0.0,0.0,-3.0,1,21.0,96.0,-1.2599999999999998
2025-12-01T09:00,0.7,0.0,-2.4,0,4.0,95.0,-0.2400000000000002
2025-12-01T10:00,2.3,0.0,-0.6,0,0.0,93.0,0.0
2025-12-01T11:00,3.7,0.0,1.0,1,25.0,89.0,-1.5
2025-12-01T12:00,4.7,0.0,2.0,1,49.0,84.0,-2.9400000000000004
2025-12-01T13:00,5.3,0.0,2.3,3,98.0,77.0,-5.88
2025-12-01T14:00,5.5,0.0,2.1,3,84.0,74.0,-5.039999999999999
2025-12-01T15:00,5.2,0.0,1.9,3,98.0,75.0,-5.88
2025-12-01T16:00,3.9,0.0,0.9,0,2.0,83.0,-0.120000000000001
2025-12-01T17:00,2.7,0.0,-0.7,2,55.0,87.0,-3.3000000000000007
2025-12-01T18:00,2.3,0.0,-1.3,0,0.0,87.0,0.0
2025-12-01T19:00,2.3,0.0,-1.4,3,95.0,88.0,-5.699999999999999
2025-12-01T20:00,1.9,0.0,-1.8,3,82.0,88.0,-4.92
2025-12-01T21:00,1.5,0.0,-2.1,2,72.0,89.0,-4.319999999999999
2025-12-01T22:00,1.3,0.0,-2.3,3,88.0,91.0,-5.279999999999999
2025-12-01T23:00,1.2,0.0,-2.5,3,96.0,92.0,-5.76
2025-12-02T00:00,1.2,0.0,-2.5,3,91.0,93.0,-5.46
2025-12-02T01:00,1.2,0.0,-2.4,3,96.0,93.0,-5.76
2025-12-02T02:00,0.9,0.0,-2.8,3,97.0,93.0,-5.819999999999999
2025-12-02T03:00,0.8,0.0,-2.7,3,99.0,94.0,-5.9399999999999995
2025-12-02T04:00,0.4,0.0,-2.9,3,99.0,94.0,-5.9399999999999995
2025-12-02T05:00,-0.3,0.0,-3.4,3,100.0,95.0,-6.0
2025-12-02T06:00,-0.9,0.0,-4.0,3,100.0,95.0,-6.0
2025-12-02T07:00,-1.1,0.0,-4.1,3,100.0,96.0,-6.0
2025-12-02T08:00,-1.6,0.0,-4.9,3,100.0,96.0,-6.0
2025-12-02T09:00,-0.1,0.0,-4.0,3,99.0,95.0,-5.9399999999999995
2025-12-02T10:00,1.8,0.0,-1.3,3,99.0,89.0,-5.9399999999999995
2025-12-02T11:00,3.4,0.0,0.7,3,100.0,86.0,-6.0
2025-12-02T12:00,4.7,0.0,2.4,3,100.0,81.0,-6.0
2025-12-02T13:00,5.5,0.0,2.6,3,100.0,78.0,-6.0
2025-12-02T14:00,5.5,0.0,2.6,3,100.0,78.0,-6.0
2025-12-02T15:00,5.6,0.0,2.7,3,100.0,77.0,-6.0
2025-12-02T16:00,4.2,0.0,1.4,3,100.0,82.0,-6.0
2025-12-02T17:00,3.4,0.0,0.5,3,100.0,84.0,-6.0
2025-12-02T18:00,2.7,0.0,-0.3,3,100.0,87.0,-6.0
2025-12-02T19:00,4.5,0.0,1.2,3,100.0,84.0,-6.0
2025-12-02T20:00,5.4,0.0,2.0,3,98.0,81.0,-5.88
2025-12-02T21:00,4.7,0.0,1.3,3,99.0,83.0,-5.9399999999999995
2025-12-02T22:00,3.4,0.0,-0.1,3,95.0,88.0,-5.699999999999999
2025-12-02T23:00,2.2,0.0,-1.6,3,100.0,91.0,-6.0